CustomerID,Total_Orders,Total_Quantity,Total_Spending,Average_Order_Value,Average_Unit_Price,Average_Items_In_Cart,First_Purchase,Last_Purchase,Customer_Tenure,Days_Since_Last_Order,Purchase_Frequency,Favorite_Product,Preferred_Payment,Preferred_Referral,Cluster
C10002,1,3.0,1470.03,1470.03,490.01,4.0,2023-10-16,2023-10-16,623,623,0.0,Printer,Cash,Facebook,1
C10054,1,2.0,153.48,153.48,76.74,7.0,2024-10-14,2024-10-14,259,259,0.0,Laptop,Cash,Instagram,0
C10126,1,2.0,1349.8,1349.8,674.9,4.0,2023-06-18,2023-06-18,743,743,0.0,Monitor,Online,Facebook,6
C10154,1,4.0,1303.04,1303.04,325.76,8.0,2024-07-29,2024-07-29,336,336,0.0,Desk,Gift Card,Email,7
C10211,1,5.0,635.9,635.9,127.18,10.0,2024-05-09,2024-05-09,417,417,0.0,Desk,Debit Card,Google,7
C10222,1,1.0,204.08,204.08,204.08,4.0,2023-09-27,2023-09-27,642,642,0.0,Laptop,Gift Card,Google,0
C10477,1,1.0,466.42,466.42,466.42,5.0,2023-05-03,2023-05-03,789,789,0.0,Laptop,Gift Card,Email,0
C10642,1,2.0,922.74,922.74,461.37,5.0,2024-06-12,2024-06-12,383,383,0.0,Tablet,Cash,Google,3
C10787,1,4.0,1099.28,1099.28,274.82,9.0,2023-10-23,2023-10-23,616,616,0.0,Monitor,Debit Card,Email,6
C10791,1,1.0,355.09,355.09,355.09,5.0,2023-12-20,2023-12-20,558,558,0.0,Desk,Debit Card,Instagram,7
C10866,1,3.0,789.57,789.57,263.19,5.0,2023-12-26,2023-12-26,552,552,0.0,Monitor,Online,Instagram,6
C10892,1,2.0,754.94,754.94,377.47,7.0,2024-07-20,2024-07-20,345,345,0.0,Desk,Cash,Google,7
C11127,1,5.0,1306.65,1306.65,261.33,5.0,2024-08-28,2024-08-28,306,306,0.0,Chair,Credit Card,Referral,1
C11210,1,5.0,454.6,454.6,90.92,9.0,2024-09-09,2024-09-09,294,294,0.0,Chair,Credit Card,Facebook,1
C11415,1,5.0,2876.2,2876.2,575.24,7.0,2024-03-15,2024-03-15,472,472,0.0,Monitor,Cash,Email,5
C11473,1,2.0,146.82,146.82,73.41,2.0,2023-12-28,2023-12-28,550,550,0.0,Printer,Online,Google,1
C11644,1,1.0,46.66,46.66,46.66,6.0,2023-07-21,2023-07-21,710,710,0.0,Printer,Cash,Google,1
C11657,1,4.0,264.4,264.4,66.1,9.0,2023-12-10,2023-12-10,568,568,0.0,Tablet,Cash,Google,3
C11665,1,3.0,337.38,337.38,112.46,6.0,2023-04-28,2023-04-28,794,794,0.0,Tablet,Gift Card,Instagram,3
C11676,1,2.0,929.0,929.0,464.5,2.0,2025-06-11,2025-06-11,19,19,0.05,Monitor,Online,Instagram,6
C11829,1,2.0,279.14,279.14,139.57,4.0,2025-05-04,2025-05-04,57,57,0.02,Desk,Cash,Facebook,7
C11849,1,2.0,476.5,476.5,238.25,7.0,2024-10-27,2024-10-27,246,246,0.0,Tablet,Online,Email,3
C11893,1,5.0,1582.0,1582.0,316.4,7.0,2024-09-20,2024-09-20,283,283,0.0,Laptop,Gift Card,Email,0
C11906,1,3.0,1237.59,1237.59,412.53,6.0,2025-01-01,2025-01-01,180,180,0.01,Printer,Online,Google,1
C11921,1,1.0,452.7,452.7,452.7,5.0,2024-11-29,2024-11-29,213,213,0.0,Phone,Debit Card,Instagram,2
C11940,1,3.0,448.02,448.02,149.34,7.0,2023-09-05,2023-09-05,664,664,0.0,Tablet,Gift Card,Email,3
C11985,1,1.0,30.44,30.44,30.44,1.0,2023-10-07,2023-10-07,632,632,0.0,Printer,Credit Card,Email,1
C11998,1,3.0,1495.98,1495.98,498.66,6.0,2025-02-16,2025-02-16,134,134,0.01,Chair,Cash,Email,5
C12039,1,1.0,132.68,132.68,132.68,1.0,2023-12-12,2023-12-12,566,566,0.0,Laptop,Debit Card,Referral,0
C12245,1,2.0,815.58,815.58,407.79,3.0,2023-05-17,2023-05-17,775,775,0.0,Monitor,Debit Card,Google,6
C12301,1,1.0,531.74,531.74,531.74,1.0,2023-09-11,2023-09-11,658,658,0.0,Tablet,Online,Google,3
C12388,1,5.0,2683.6,2683.6,536.72,10.0,2023-05-01,2023-05-01,791,791,0.0,Tablet,Cash,Email,5
C12408,1,2.0,161.54,161.54,80.77,4.0,2023-08-26,2023-08-26,674,674,0.0,Monitor,Debit Card,Google,6
C12421,1,1.0,93.02,93.02,93.02,4.0,2023-04-28,2023-04-28,794,794,0.0,Tablet,Online,Email,3
C12444,1,3.0,230.88,230.88,76.96,8.0,2024-09-17,2024-09-17,286,286,0.0,Phone,Cash,Email,2
C12459,1,2.0,284.16,284.16,142.08,4.0,2024-09-06,2024-09-06,297,297,0.0,Phone,Gift Card,Referral,2
C12472,1,3.0,252.93,252.93,84.31,3.0,2024-02-25,2024-02-25,491,491,0.0,Chair,Credit Card,Email,1
C12479,1,5.0,124.1,124.1,24.82,10.0,2023-10-02,2023-10-02,637,637,0.0,Monitor,Credit Card,Referral,6
C12487,1,3.0,1427.07,1427.07,475.69,3.0,2024-01-08,2024-01-08,539,539,0.0,Tablet,Gift Card,Google,3
C12607,1,1.0,281.52,281.52,281.52,6.0,2023-04-05,2023-04-05,817,817,0.0,Desk,Gift Card,Referral,7
C12609,1,4.0,547.32,547.32,136.83,8.0,2023-11-26,2023-11-26,582,582,0.0,Phone,Debit Card,Email,2
C12667,1,1.0,223.3,223.3,223.3,1.0,2025-04-20,2025-04-20,71,71,0.01,Laptop,Online,Facebook,0
C12740,1,5.0,644.75,644.75,128.95,10.0,2023-09-21,2023-09-21,648,648,0.0,Desk,Cash,Instagram,7
C12813,1,5.0,1462.7,1462.7,292.54,8.0,2025-03-15,2025-03-15,107,107,0.01,Laptop,Debit Card,Email,0
C12818,1,3.0,191.04,191.04,63.68,6.0,2023-12-13,2023-12-13,565,565,0.0,Chair,Cash,Facebook,1
C13100,1,4.0,1177.64,1177.64,294.41,4.0,2023-12-18,2023-12-18,560,560,0.0,Desk,Debit Card,Instagram,7
C13108,1,5.0,3293.85,3293.85,658.77,10.0,2024-04-25,2024-04-25,431,431,0.0,Laptop,Gift Card,Instagram,5
C13169,1,1.0,536.07,536.07,536.07,5.0,2023-11-15,2023-11-15,593,593,0.0,Tablet,Debit Card,Google,3
C13186,1,2.0,889.68,889.68,444.84,7.0,2023-08-29,2023-08-29,671,671,0.0,Tablet,Online,Facebook,3
C13205,1,5.0,2107.1,2107.1,421.42,7.0,2023-01-25,2023-01-25,887,887,0.0,Chair,Debit Card,Instagram,5
C13296,1,2.0,108.82,108.82,54.41,6.0,2023-06-03,2023-06-03,758,758,0.0,Chair,Online,Instagram,1
C13324,1,2.0,1199.48,1199.48,599.74,2.0,2025-03-15,2025-03-15,107,107,0.01,Tablet,Gift Card,Instagram,3
C13366,1,4.0,2714.2,2714.2,678.55,5.0,2023-07-06,2023-07-06,725,725,0.0,Printer,Cash,Email,5
C13501,1,5.0,427.6,427.6,85.52,5.0,2023-08-23,2023-08-23,677,677,0.0,Chair,Gift Card,Facebook,1
C13525,1,3.0,212.79,212.79,70.93,5.0,2024-06-13,2024-06-13,382,382,0.0,Tablet,Debit Card,Referral,3
C13540,1,4.0,1239.64,1239.64,309.91,5.0,2023-06-04,2023-06-04,757,757,0.0,Printer,Debit Card,Google,1
C13877,1,5.0,3330.4075,3330.4075,676.98,5.0,2023-11-26,2023-11-26,582,582,0.0,Chair,Cash,Facebook,5
C13923,1,1.0,118.8,118.8,118.8,6.0,2023-10-08,2023-10-08,631,631,0.0,Tablet,Online,Email,3
C14005,1,2.0,80.46,80.46,40.23,4.0,2024-01-01,2024-01-01,546,546,0.0,Printer,Credit Card,Google,1
C14017,1,2.0,1248.32,1248.32,624.16,2.0,2023-05-09,2023-05-09,783,783,0.0,Phone,Debit Card,Instagram,2
C14080,1,1.0,283.69,283.69,283.69,6.0,2024-06-27,2024-06-27,368,368,0.0,Phone,Gift Card,Google,2
C14114,1,3.0,1704.06,1704.06,568.02,3.0,2024-09-27,2024-09-27,276,276,0.0,Desk,Online,Instagram,7
C14240,1,1.0,491.11,491.11,491.11,4.0,2023-05-03,2023-05-03,789,789,0.0,Desk,Credit Card,Facebook,7
C14427,1,2.0,533.9,533.9,266.95,3.0,2024-07-23,2024-07-23,342,342,0.0,Laptop,Credit Card,Instagram,0
C14455,1,3.0,164.85,164.85,54.95,8.0,2023-12-09,2023-12-09,569,569,0.0,Desk,Cash,Referral,7
C14457,1,5.0,395.4,395.4,79.08,8.0,2024-05-29,2024-05-29,397,397,0.0,Laptop,Cash,Facebook,0
C14552,1,5.0,1120.0,1120.0,224.0,9.0,2023-01-23,2023-01-23,889,889,0.0,Monitor,Cash,Google,6
C14553,1,3.0,440.19,440.19,146.73,8.0,2024-09-09,2024-09-09,294,294,0.0,Tablet,Cash,Email,3
C14568,1,4.0,885.32,885.32,221.33,5.0,2023-02-11,2023-02-11,870,870,0.0,Laptop,Online,Google,0
C14576,1,4.0,2156.8,2156.8,539.2,8.0,2024-04-18,2024-04-18,438,438,0.0,Desk,Credit Card,Google,5
C14600,1,2.0,441.8,441.8,220.9,4.0,2023-07-20,2023-07-20,711,711,0.0,Printer,Gift Card,Email,1
C14683,1,2.0,1069.34,1069.34,534.67,7.0,2025-06-11,2025-06-11,19,19,0.05,Desk,Debit Card,Referral,7
C14737,1,4.0,581.64,581.64,145.41,7.0,2023-01-14,2023-01-14,898,898,0.0,Tablet,Credit Card,Email,3
C14837,1,1.0,183.18,183.18,183.18,6.0,2023-04-01,2023-04-01,821,821,0.0,Monitor,Debit Card,Email,6
C14847,2,5.0,1097.81,548.905,256.78,4.0,2023-01-01,2024-12-19,911,193,0.0,Laptop,Cash,Email,4
C14891,1,4.0,1654.96,1654.96,413.74,7.0,2024-03-23,2024-03-23,464,464,0.0,Chair,Gift Card,Instagram,5
C14983,1,1.0,17.24,17.24,17.24,2.0,2023-07-12,2023-07-12,719,719,0.0,Tablet,Online,Instagram,3
C15017,1,1.0,675.57,675.57,675.57,1.0,2025-05-02,2025-05-02,59,59,0.02,Tablet,Cash,Facebook,3
C15063,1,5.0,426.1,426.1,85.22,7.0,2024-04-29,2024-04-29,427,427,0.0,Chair,Credit Card,Email,1
C15146,1,5.0,190.55,190.55,38.11,6.0,2023-08-17,2023-08-17,683,683,0.0,Laptop,Debit Card,Instagram,0
C15228,1,3.0,1422.42,1422.42,474.14,8.0,2024-02-19,2024-02-19,497,497,0.0,Tablet,Gift Card,Google,3
C15257,1,4.0,580.2,580.2,145.05,6.0,2025-03-21,2025-03-21,101,101,0.01,Chair,Online,Google,1
C15283,1,1.0,381.02,381.02,381.02,6.0,2023-11-25,2023-11-25,583,583,0.0,Printer,Cash,Google,1
C15624,1,5.0,3097.6,3097.6,619.52,9.0,2025-01-21,2025-01-21,160,160,0.01,Tablet,Debit Card,Email,5
C15629,1,3.0,912.45,912.45,304.15,3.0,2023-04-16,2023-04-16,806,806,0.0,Printer,Gift Card,Instagram,1
C15681,1,4.0,2161.64,2161.64,540.41,6.0,2023-08-22,2023-08-22,678,678,0.0,Laptop,Credit Card,Referral,5
C15849,1,1.0,525.43,525.43,525.43,2.0,2024-12-23,2024-12-23,189,189,0.01,Chair,Cash,Instagram,1
C15924,1,1.0,245.89,245.89,245.89,3.0,2024-12-19,2024-12-19,193,193,0.01,Laptop,Debit Card,Google,0
C16012,1,1.0,630.82,630.82,630.82,5.0,2025-03-28,2025-03-28,94,94,0.01,Tablet,Online,Google,3
C16253,1,2.0,399.4,399.4,199.7,4.0,2025-06-23,2025-06-23,7,7,0.12,Laptop,Cash,Email,0
C16400,1,3.0,628.44,628.44,209.48,4.0,2024-10-08,2024-10-08,265,265,0.0,Laptop,Debit Card,Email,0
C16429,1,1.0,679.65,679.65,679.65,6.0,2024-03-26,2024-03-26,461,461,0.0,Desk,Debit Card,Google,7
C16612,1,1.0,600.54,600.54,600.54,4.0,2025-03-19,2025-03-19,103,103,0.01,Desk,Debit Card,Google,7
C16675,1,4.0,857.4,857.4,214.35,7.0,2025-06-09,2025-06-09,21,21,0.05,Printer,Debit Card,Referral,1
C16693,1,4.0,949.72,949.72,237.43,8.0,2025-02-05,2025-02-05,145,145,0.01,Monitor,Cash,Referral,6
C16702,1,3.0,1390.17,1390.17,463.39,3.0,2023-08-27,2023-08-27,673,673,0.0,Monitor,Credit Card,Facebook,6
C16758,1,3.0,188.31,188.31,62.77,6.0,2024-11-01,2024-11-01,241,241,0.0,Tablet,Gift Card,Referral,3
C16775,1,5.0,3330.4075,3330.4075,670.75,8.0,2023-03-27,2023-03-27,826,826,0.0,Printer,Gift Card,Instagram,5
C16776,1,2.0,320.0,320.0,160.0,4.0,2023-09-04,2023-09-04,665,665,0.0,Laptop,Cash,Instagram,0
C16790,1,4.0,258.96,258.96,64.74,8.0,2023-04-08,2023-04-08,814,814,0.0,Laptop,Gift Card,Google,0
C17075,1,4.0,1259.04,1259.04,314.76,8.0,2024-07-25,2024-07-25,340,340,0.0,Tablet,Online,Instagram,3
C17103,1,3.0,1278.36,1278.36,426.12,5.0,2024-01-05,2024-01-05,542,542,0.0,Printer,Online,Instagram,1
C17132,1,1.0,386.03,386.03,386.03,4.0,2024-12-07,2024-12-07,205,205,0.0,Desk,Online,Google,7
C17136,1,4.0,641.96,641.96,160.49,8.0,2023-07-26,2023-07-26,705,705,0.0,Chair,Credit Card,Referral,1
C17181,1,5.0,2276.65,2276.65,455.33,8.0,2025-02-25,2025-02-25,125,125,0.01,Printer,Credit Card,Google,5
C17269,1,4.0,1733.8,1733.8,433.45,4.0,2023-05-03,2023-05-03,789,789,0.0,Monitor,Gift Card,Facebook,6
C17302,1,1.0,359.99,359.99,359.99,5.0,2023-07-25,2023-07-25,706,706,0.0,Phone,Gift Card,Email,2
C17388,1,1.0,317.25,317.25,317.25,1.0,2024-02-10,2024-02-10,506,506,0.0,Chair,Debit Card,Facebook,1
C17389,1,1.0,522.08,522.08,522.08,5.0,2024-11-10,2024-11-10,232,232,0.0,Monitor,Gift Card,Referral,6
C17470,1,2.0,461.9,461.9,230.95,3.0,2024-10-30,2024-10-30,243,243,0.0,Laptop,Online,Referral,0
C17551,1,1.0,518.39,518.39,518.39,4.0,2025-04-13,2025-04-13,78,78,0.01,Laptop,Debit Card,Instagram,0
C17591,1,1.0,479.76,479.76,479.76,1.0,2023-09-29,2023-09-29,640,640,0.0,Tablet,Credit Card,Email,3
C17921,1,4.0,1210.6,1210.6,302.65,8.0,2023-02-20,2023-02-20,861,861,0.0,Desk,Credit Card,Referral,7
C17966,1,2.0,185.74,185.74,92.87,5.0,2023-10-17,2023-10-17,622,622,0.0,Printer,Credit Card,Facebook,1
C18037,1,2.0,140.68,140.68,70.34,3.0,2023-03-08,2023-03-08,845,845,0.0,Laptop,Gift Card,Email,0
C18076,1,3.0,1766.22,1766.22,588.74,8.0,2023-12-01,2023-12-01,577,577,0.0,Phone,Debit Card,Email,2
C18104,1,5.0,635.9,635.9,127.18,9.0,2024-11-15,2024-11-15,227,227,0.0,Chair,Cash,Referral,1
C18105,1,4.0,2332.08,2332.08,583.02,4.0,2024-10-25,2024-10-25,248,248,0.0,Laptop,Online,Facebook,0
C18138,1,3.0,1618.38,1618.38,539.46,4.0,2023-04-06,2023-04-06,816,816,0.0,Printer,Credit Card,Facebook,1
C18167,1,4.0,887.84,887.84,221.96,7.0,2024-03-17,2024-03-17,470,470,0.0,Desk,Cash,Google,7
C18169,1,2.0,929.84,929.84,464.92,2.0,2025-05-03,2025-05-03,58,58,0.02,Tablet,Debit Card,Facebook,3
C18187,1,1.0,605.28,605.28,605.28,3.0,2024-11-18,2024-11-18,224,224,0.0,Laptop,Gift Card,Referral,0
C18353,1,3.0,1299.99,1299.99,433.33,4.0,2025-06-03,2025-06-03,27,27,0.04,Tablet,Credit Card,Referral,3
C18404,1,5.0,3330.4075,3330.4075,674.04,7.0,2023-02-28,2023-02-28,853,853,0.0,Tablet,Online,Google,5
C18473,1,2.0,840.58,840.58,420.29,3.0,2025-06-14,2025-06-14,16,16,0.06,Chair,Gift Card,Google,1
C18567,1,4.0,365.84,365.84,91.46,9.0,2023-09-23,2023-09-23,646,646,0.0,Printer,Cash,Referral,1
C18583,1,5.0,1822.1,1822.1,364.42,10.0,2023-08-20,2023-08-20,680,680,0.0,Phone,Credit Card,Referral,5
C18717,1,5.0,2793.15,2793.15,558.63,8.0,2023-03-26,2023-03-26,827,827,0.0,Printer,Cash,Referral,5
C18724,1,1.0,616.1,616.1,616.1,6.0,2024-06-09,2024-06-09,386,386,0.0,Chair,Cash,Email,1
C18820,1,5.0,2573.0,2573.0,514.6,10.0,2023-06-12,2023-06-12,749,749,0.0,Monitor,Gift Card,Instagram,5
C18826,1,3.0,1443.3,1443.3,481.1,3.0,2023-08-29,2023-08-29,671,671,0.0,Monitor,Credit Card,Facebook,6
C18944,1,4.0,1575.2,1575.2,393.8,7.0,2023-01-20,2023-01-20,892,892,0.0,Chair,Credit Card,Email,5
C18984,1,3.0,1767.9,1767.9,589.3,6.0,2024-04-04,2024-04-04,452,452,0.0,Tablet,Credit Card,Referral,3
C19071,1,3.0,1352.94,1352.94,450.98,8.0,2025-02-24,2025-02-24,126,126,0.01,Tablet,Credit Card,Referral,3
C19266,1,3.0,442.17,442.17,147.39,3.0,2023-03-04,2023-03-04,849,849,0.0,Desk,Debit Card,Email,7
C19368,1,2.0,646.44,646.44,323.22,7.0,2025-04-18,2025-04-18,73,73,0.01,Tablet,Credit Card,Instagram,3
C19384,1,4.0,351.16,351.16,87.79,6.0,2023-12-24,2023-12-24,554,554,0.0,Tablet,Cash,Instagram,3
C19402,1,4.0,1204.68,1204.68,301.17,6.0,2023-12-19,2023-12-19,559,559,0.0,Printer,Online,Email,1
C19439,1,1.0,440.34,440.34,440.34,2.0,2025-06-05,2025-06-05,25,25,0.04,Desk,Gift Card,Facebook,7
C19451,1,4.0,2357.76,2357.76,589.44,5.0,2024-12-22,2024-12-22,190,190,0.01,Tablet,Gift Card,Facebook,5
C19648,1,4.0,2673.44,2673.44,668.36,5.0,2024-09-20,2024-09-20,283,283,0.0,Phone,Gift Card,Facebook,5
C19722,1,1.0,596.24,596.24,596.24,4.0,2024-05-31,2024-05-31,395,395,0.0,Laptop,Credit Card,Instagram,0
C19742,1,1.0,332.09,332.09,332.09,5.0,2023-09-13,2023-09-13,656,656,0.0,Tablet,Gift Card,Instagram,3
C19759,1,2.0,1176.6,1176.6,588.3,2.0,2025-01-02,2025-01-02,179,179,0.01,Chair,Online,Email,1
C19937,1,1.0,438.34,438.34,438.34,5.0,2025-05-26,2025-05-26,35,35,0.03,Printer,Gift Card,Facebook,1
C20077,1,4.0,2372.88,2372.88,593.22,8.0,2024-03-06,2024-03-06,481,481,0.0,Monitor,Credit Card,Facebook,5
C20095,1,2.0,1325.06,1325.06,662.53,5.0,2024-03-04,2024-03-04,483,483,0.0,Monitor,Online,Facebook,6
C20124,1,2.0,177.46,177.46,88.73,5.0,2023-12-18,2023-12-18,560,560,0.0,Printer,Online,Google,1
C20212,1,3.0,1834.35,1834.35,611.45,4.0,2023-12-05,2023-12-05,573,573,0.0,Monitor,Gift Card,Instagram,6
C20256,1,3.0,1616.22,1616.22,538.74,6.0,2024-12-11,2024-12-11,201,201,0.0,Tablet,Online,Email,3
C20257,1,5.0,1343.9,1343.9,268.78,7.0,2023-12-29,2023-12-29,549,549,0.0,Tablet,Debit Card,Email,3
C20286,1,1.0,571.9,571.9,571.9,1.0,2024-09-16,2024-09-16,287,287,0.0,Monitor,Gift Card,Instagram,6
C20338,1,1.0,370.85,370.85,370.85,2.0,2024-12-24,2024-12-24,188,188,0.01,Monitor,Gift Card,Referral,6
C20357,1,3.0,2077.32,2077.32,692.44,8.0,2024-06-12,2024-06-12,383,383,0.0,Phone,Debit Card,Google,2
C20448,1,2.0,296.44,296.44,148.22,7.0,2023-08-15,2023-08-15,685,685,0.0,Tablet,Credit Card,Instagram,3
C20512,1,4.0,2763.12,2763.12,690.78,9.0,2023-07-19,2023-07-19,712,712,0.0,Laptop,Credit Card,Referral,5
C20624,1,1.0,479.56,479.56,479.56,1.0,2025-03-15,2025-03-15,107,107,0.01,Phone,Gift Card,Google,2
C20643,1,4.0,2011.96,2011.96,502.99,4.0,2024-02-16,2024-02-16,500,500,0.0,Laptop,Debit Card,Referral,0
C20670,1,2.0,935.82,935.82,467.91,5.0,2024-04-09,2024-04-09,447,447,0.0,Printer,Gift Card,Facebook,1
C20731,1,4.0,1777.76,1777.76,444.44,8.0,2023-05-19,2023-05-19,773,773,0.0,Printer,Debit Card,Google,5
C20752,1,1.0,572.13,572.13,572.13,4.0,2023-12-22,2023-12-22,556,556,0.0,Printer,Debit Card,Google,1
C20817,1,5.0,3078.35,3078.35,615.67,6.0,2023-05-16,2023-05-16,776,776,0.0,Chair,Online,Email,5
C20861,1,5.0,2441.75,2441.75,488.35,9.0,2025-05-19,2025-05-19,42,42,0.02,Phone,Debit Card,Email,5
C20881,1,2.0,1288.1,1288.1,644.05,5.0,2023-07-18,2023-07-18,713,713,0.0,Laptop,Gift Card,Referral,0
C20977,1,4.0,1740.48,1740.48,435.12,9.0,2023-06-11,2023-06-11,750,750,0.0,Chair,Credit Card,Instagram,5
C21043,1,1.0,694.5,694.5,694.5,3.0,2024-07-18,2024-07-18,347,347,0.0,Phone,Credit Card,Facebook,2
C21126,1,1.0,107.04,107.04,107.04,6.0,2024-06-20,2024-06-20,375,375,0.0,Desk,Credit Card,Google,7
C21147,1,1.0,335.1,335.1,335.1,6.0,2023-06-16,2023-06-16,745,745,0.0,Chair,Debit Card,Referral,1
C21167,1,4.0,2235.6,2235.6,558.9,9.0,2023-02-11,2023-02-11,870,870,0.0,Monitor,Gift Card,Google,5
C21181,1,2.0,1350.2,1350.2,675.1,4.0,2024-04-07,2024-04-07,449,449,0.0,Tablet,Cash,Google,3
C21191,2,3.0,647.77,323.885,243.39499999999998,2.0,2024-04-11,2025-05-16,445,45,0.0,Laptop,Credit Card,Referral,4
C21227,1,1.0,590.87,590.87,590.87,6.0,2023-02-08,2023-02-08,873,873,0.0,Chair,Gift Card,Referral,1
C21437,1,1.0,222.73,222.73,222.73,4.0,2024-05-10,2024-05-10,416,416,0.0,Phone,Online,Google,2
C21665,1,4.0,1700.72,1700.72,425.18,8.0,2023-09-30,2023-09-30,639,639,0.0,Chair,Online,Facebook,5
C21905,1,1.0,298.06,298.06,298.06,3.0,2023-12-21,2023-12-21,557,557,0.0,Tablet,Debit Card,Google,3
C21944,1,5.0,297.75,297.75,59.55,6.0,2024-03-06,2024-03-06,481,481,0.0,Laptop,Online,Referral,0
C21953,1,2.0,250.46,250.46,125.23,3.0,2024-09-19,2024-09-19,284,284,0.0,Laptop,Cash,Email,0
C22101,1,2.0,265.2,265.2,132.6,4.0,2023-03-14,2023-03-14,839,839,0.0,Chair,Debit Card,Email,1
C22123,1,1.0,672.89,672.89,672.89,1.0,2023-09-24,2023-09-24,645,645,0.0,Tablet,Credit Card,Email,3
C22167,1,5.0,2178.3,2178.3,435.66,9.0,2023-08-20,2023-08-20,680,680,0.0,Tablet,Online,Facebook,5
C22429,1,4.0,604.8,604.8,151.2,9.0,2023-07-02,2023-07-02,729,729,0.0,Chair,Gift Card,Facebook,1
C22534,1,1.0,529.19,529.19,529.19,5.0,2023-01-20,2023-01-20,892,892,0.0,Chair,Cash,Referral,1
C22657,1,3.0,1901.91,1901.91,633.97,7.0,2023-12-28,2023-12-28,550,550,0.0,Printer,Cash,Facebook,5
C22783,1,4.0,2771.64,2771.64,692.91,9.0,2024-09-11,2024-09-11,292,292,0.0,Phone,Credit Card,Instagram,5
C22919,1,1.0,195.86,195.86,195.86,3.0,2025-05-10,2025-05-10,51,51,0.02,Tablet,Online,Facebook,3
C22981,1,3.0,472.2,472.2,157.4,7.0,2024-04-15,2024-04-15,441,441,0.0,Desk,Debit Card,Email,7
C22991,1,1.0,252.68,252.68,252.68,1.0,2025-03-31,2025-03-31,91,91,0.01,Phone,Online,Referral,2
C23279,1,2.0,87.34,87.34,43.67,4.0,2023-07-25,2023-07-25,706,706,0.0,Monitor,Cash,Instagram,6
C23334,1,1.0,331.06,331.06,331.06,5.0,2024-05-16,2024-05-16,410,410,0.0,Tablet,Credit Card,Instagram,3
C23405,1,4.0,2780.4,2780.4,695.1,8.0,2024-08-23,2024-08-23,311,311,0.0,Phone,Debit Card,Email,5
C23555,1,4.0,1633.44,1633.44,408.36,4.0,2023-10-16,2023-10-16,623,623,0.0,Desk,Gift Card,Referral,7
C23637,1,1.0,553.56,553.56,553.56,5.0,2023-05-31,2023-05-31,761,761,0.0,Tablet,Credit Card,Referral,3
C23899,1,5.0,1358.45,1358.45,271.69,7.0,2025-03-26,2025-03-26,96,96,0.01,Desk,Online,Instagram,7
C23917,1,1.0,127.55,127.55,127.55,3.0,2023-04-27,2023-04-27,795,795,0.0,Printer,Cash,Referral,1
C23947,1,1.0,120.98,120.98,120.98,6.0,2023-05-18,2023-05-18,774,774,0.0,Laptop,Debit Card,Email,0
C23978,1,1.0,576.35,576.35,576.35,1.0,2024-09-30,2024-09-30,273,273,0.0,Monitor,Gift Card,Instagram,6
C24047,1,4.0,937.8,937.8,234.45,9.0,2023-05-06,2023-05-06,786,786,0.0,Monitor,Online,Instagram,6
C24212,1,3.0,322.08,322.08,107.36,5.0,2023-10-08,2023-10-08,631,631,0.0,Phone,Gift Card,Google,2
C24301,1,2.0,1284.08,1284.08,642.04,4.0,2024-10-26,2024-10-26,247,247,0.0,Phone,Gift Card,Email,2
C24347,1,2.0,646.9,646.9,323.45,5.0,2025-02-16,2025-02-16,134,134,0.01,Laptop,Credit Card,Instagram,0
C24369,1,3.0,1079.19,1079.19,359.73,7.0,2024-03-13,2024-03-13,474,474,0.0,Laptop,Debit Card,Email,0
C24751,1,5.0,2506.3,2506.3,501.26,10.0,2023-12-07,2023-12-07,571,571,0.0,Tablet,Gift Card,Referral,5
C24765,1,2.0,719.72,719.72,359.86,4.0,2024-07-04,2024-07-04,361,361,0.0,Desk,Debit Card,Referral,7
C24769,1,2.0,57.1,57.1,28.55,7.0,2023-11-05,2023-11-05,603,603,0.0,Laptop,Gift Card,Email,0
C24884,1,1.0,260.26,260.26,260.26,5.0,2024-07-22,2024-07-22,343,343,0.0,Monitor,Online,Instagram,6
C24901,1,3.0,299.7,299.7,99.9,8.0,2023-05-05,2023-05-05,787,787,0.0,Chair,Cash,Facebook,1
C25110,1,2.0,126.42,126.42,63.21,4.0,2025-06-30,2025-06-30,0,0,1.0,Tablet,Online,Google,3
C25123,1,1.0,629.21,629.21,629.21,2.0,2023-05-26,2023-05-26,766,766,0.0,Desk,Gift Card,Instagram,7
C25149,1,4.0,1054.48,1054.48,263.62,5.0,2023-09-29,2023-09-29,640,640,0.0,Tablet,Cash,Email,3
C25162,1,2.0,688.36,688.36,344.18,7.0,2023-11-09,2023-11-09,599,599,0.0,Tablet,Credit Card,Referral,3
C25268,1,1.0,665.11,665.11,665.11,3.0,2025-03-04,2025-03-04,118,118,0.01,Printer,Cash,Instagram,1
C25276,1,5.0,3313.9,3313.9,662.78,9.0,2023-05-26,2023-05-26,766,766,0.0,Laptop,Debit Card,Instagram,5
C25316,1,2.0,79.06,79.06,39.53,3.0,2024-06-27,2024-06-27,368,368,0.0,Printer,Credit Card,Google,1
C25382,1,5.0,454.35,454.35,90.87,5.0,2023-06-24,2023-06-24,737,737,0.0,Phone,Cash,Instagram,2
C25406,1,1.0,161.24,161.24,161.24,3.0,2024-12-18,2024-12-18,194,194,0.01,Desk,Credit Card,Instagram,7
C25445,1,5.0,658.5,658.5,131.7,8.0,2025-01-29,2025-01-29,152,152,0.01,Laptop,Cash,Google,0
C25503,1,2.0,211.14,211.14,105.57,5.0,2023-12-13,2023-12-13,565,565,0.0,Phone,Debit Card,Google,2
C25534,1,5.0,984.2,984.2,196.84,5.0,2023-01-23,2023-01-23,889,889,0.0,Desk,Credit Card,Instagram,7
C25580,1,4.0,1563.36,1563.36,390.84,9.0,2023-03-02,2023-03-02,851,851,0.0,Phone,Credit Card,Referral,2
C25587,1,4.0,48.4,48.4,12.1,8.0,2024-12-09,2024-12-09,203,203,0.0,Printer,Debit Card,Google,1
C25783,1,5.0,1253.4,1253.4,250.68,8.0,2025-03-22,2025-03-22,100,100,0.01,Desk,Cash,Instagram,7
C25841,1,3.0,904.65,904.65,301.55,5.0,2024-05-29,2024-05-29,397,397,0.0,Monitor,Debit Card,Google,6
C25918,1,5.0,666.95,666.95,133.39,6.0,2023-08-03,2023-08-03,697,697,0.0,Laptop,Credit Card,Referral,0
C25967,1,5.0,1709.8,1709.8,341.96,6.0,2024-01-16,2024-01-16,531,531,0.0,Tablet,Debit Card,Email,3
C26118,1,2.0,144.78,144.78,72.39,7.0,2023-03-26,2023-03-26,827,827,0.0,Laptop,Online,Instagram,0
C26137,1,2.0,856.18,856.18,428.09,6.0,2025-03-12,2025-03-12,110,110,0.01,Tablet,Credit Card,Instagram,3
C26152,1,2.0,972.7,972.7,486.35,6.0,2024-06-14,2024-06-14,381,381,0.0,Phone,Online,Referral,2
C26163,1,5.0,625.1,625.1,125.02,9.0,2024-07-03,2024-07-03,362,362,0.0,Desk,Debit Card,Google,7
C26188,1,1.0,618.68,618.68,618.68,6.0,2023-04-20,2023-04-20,802,802,0.0,Chair,Online,Referral,1
C26210,1,3.0,1334.25,1334.25,444.75,6.0,2023-11-27,2023-11-27,581,581,0.0,Laptop,Cash,Facebook,0
C26223,1,1.0,657.07,657.07,657.07,4.0,2024-10-04,2024-10-04,269,269,0.0,Tablet,Cash,Google,3
C26340,1,2.0,369.2,369.2,184.6,7.0,2024-03-13,2024-03-13,474,474,0.0,Desk,Gift Card,Email,7
C26364,1,4.0,1314.24,1314.24,328.56,4.0,2023-04-16,2023-04-16,806,806,0.0,Laptop,Debit Card,Email,0
C26445,1,3.0,1500.24,1500.24,500.08,6.0,2023-06-30,2023-06-30,731,731,0.0,Chair,Debit Card,Facebook,5
C26637,1,5.0,869.8,869.8,173.96,8.0,2023-08-31,2023-08-31,669,669,0.0,Chair,Debit Card,Instagram,1
C26718,1,4.0,1052.36,1052.36,263.09,8.0,2025-01-30,2025-01-30,151,151,0.01,Printer,Debit Card,Google,1
C26767,1,1.0,303.6,303.6,303.6,5.0,2023-08-10,2023-08-10,690,690,0.0,Printer,Cash,Facebook,1
C26817,1,2.0,268.56,268.56,134.28,2.0,2025-04-02,2025-04-02,89,89,0.01,Phone,Gift Card,Email,2
C26966,1,5.0,1872.9,1872.9,374.58,10.0,2023-05-06,2023-05-06,786,786,0.0,Printer,Gift Card,Instagram,5
C27070,1,4.0,2612.52,2612.52,653.13,8.0,2024-10-07,2024-10-07,266,266,0.0,Laptop,Credit Card,Instagram,5
C27072,1,3.0,463.11,463.11,154.37,4.0,2025-06-15,2025-06-15,15,15,0.06,Chair,Gift Card,Instagram,1
C27078,1,5.0,1181.9,1181.9,236.38,7.0,2024-11-02,2024-11-02,240,240,0.0,Desk,Credit Card,Facebook,7
C27202,1,5.0,3267.35,3267.35,653.47,10.0,2024-08-19,2024-08-19,315,315,0.0,Chair,Credit Card,Referral,5
C27203,1,5.0,1040.85,1040.85,208.17,6.0,2023-02-16,2023-02-16,865,865,0.0,Laptop,Credit Card,Facebook,0
C27305,1,2.0,1390.58,1390.58,695.29,6.0,2024-07-25,2024-07-25,340,340,0.0,Chair,Credit Card,Instagram,5
C27401,1,3.0,1619.73,1619.73,539.91,8.0,2024-11-24,2024-11-24,218,218,0.0,Laptop,Credit Card,Email,0
C27430,1,5.0,474.25,474.25,94.85,6.0,2025-02-04,2025-02-04,146,146,0.01,Printer,Cash,Email,1
C27435,1,5.0,2104.9,2104.9,420.98,7.0,2024-05-27,2024-05-27,399,399,0.0,Tablet,Cash,Facebook,5
C27438,1,1.0,70.32,70.32,70.32,4.0,2023-11-11,2023-11-11,597,597,0.0,Printer,Cash,Facebook,1
C27613,1,4.0,2462.6,2462.6,615.65,9.0,2024-06-27,2024-06-27,368,368,0.0,Tablet,Debit Card,Google,5
C27898,1,5.0,2513.55,2513.55,502.71,7.0,2023-10-09,2023-10-09,630,630,0.0,Printer,Gift Card,Google,5
C28049,1,2.0,1293.38,1293.38,646.69,7.0,2023-05-21,2023-05-21,771,771,0.0,Printer,Debit Card,Instagram,1
C28152,1,3.0,1714.59,1714.59,571.53,6.0,2025-05-12,2025-05-12,49,49,0.02,Desk,Debit Card,Facebook,7
C28386,1,1.0,277.09,277.09,277.09,2.0,2024-04-06,2024-04-06,450,450,0.0,Desk,Cash,Referral,7
C28406,1,1.0,23.53,23.53,23.53,2.0,2025-05-17,2025-05-17,44,44,0.02,Chair,Gift Card,Instagram,1
C28552,1,2.0,29.86,29.86,14.93,4.0,2025-02-25,2025-02-25,125,125,0.01,Chair,Online,Facebook,1
C28648,1,4.0,1895.44,1895.44,473.86,7.0,2024-04-28,2024-04-28,428,428,0.0,Monitor,Debit Card,Facebook,6
C28712,1,2.0,303.32,303.32,151.66,6.0,2024-05-06,2024-05-06,420,420,0.0,Printer,Cash,Instagram,1
C28740,1,3.0,1670.97,1670.97,556.99,4.0,2023-06-30,2023-06-30,731,731,0.0,Chair,Online,Facebook,5
C28828,1,3.0,395.88,395.88,131.96,8.0,2025-02-04,2025-02-04,146,146,0.01,Desk,Credit Card,Instagram,7
C28889,1,3.0,258.87,258.87,86.29,6.0,2025-03-04,2025-03-04,118,118,0.01,Chair,Cash,Instagram,1
C28893,1,1.0,620.21,620.21,620.21,1.0,2024-11-10,2024-11-10,232,232,0.0,Tablet,Online,Referral,3
C28976,1,2.0,1067.62,1067.62,533.81,3.0,2023-01-24,2023-01-24,888,888,0.0,Printer,Credit Card,Email,1
C29041,1,3.0,1768.68,1768.68,589.56,6.0,2023-06-27,2023-06-27,734,734,0.0,Phone,Online,Facebook,2
C29059,1,3.0,1503.9,1503.9,501.3,3.0,2025-01-22,2025-01-22,159,159,0.01,Desk,Online,Facebook,7
C29063,1,5.0,478.75,478.75,95.75,8.0,2024-09-29,2024-09-29,274,274,0.0,Chair,Online,Instagram,1
C29072,1,2.0,687.98,687.98,343.99,4.0,2023-03-10,2023-03-10,843,843,0.0,Laptop,Online,Google,0
C29092,1,4.0,60.04,60.04,15.01,6.0,2024-05-29,2024-05-29,397,397,0.0,Chair,Cash,Facebook,1
C29314,1,2.0,788.6,788.6,394.3,6.0,2023-06-08,2023-06-08,753,753,0.0,Monitor,Cash,Email,6
C29318,1,1.0,24.48,24.48,24.48,1.0,2024-07-12,2024-07-12,353,353,0.0,Monitor,Gift Card,Instagram,6
C29405,1,2.0,448.74,448.74,224.37,3.0,2025-03-11,2025-03-11,111,111,0.01,Phone,Debit Card,Referral,2
C29416,1,1.0,150.17,150.17,150.17,1.0,2025-01-26,2025-01-26,155,155,0.01,Laptop,Debit Card,Referral,0
C29432,1,3.0,1406.22,1406.22,468.74,4.0,2023-05-16,2023-05-16,776,776,0.0,Chair,Cash,Instagram,5
C29467,1,1.0,191.76,191.76,191.76,1.0,2023-06-07,2023-06-07,754,754,0.0,Chair,Credit Card,Instagram,1
C29483,1,4.0,1222.88,1222.88,305.72,5.0,2024-08-21,2024-08-21,313,313,0.0,Desk,Online,Facebook,7
C29568,1,4.0,194.44,194.44,48.61,7.0,2024-06-10,2024-06-10,385,385,0.0,Printer,Online,Facebook,1
C29620,1,1.0,460.13,460.13,460.13,1.0,2023-10-25,2023-10-25,614,614,0.0,Phone,Credit Card,Google,2
C29685,1,5.0,1923.45,1923.45,384.69,6.0,2024-01-24,2024-01-24,523,523,0.0,Chair,Credit Card,Email,5
C29697,1,1.0,401.82,401.82,401.82,5.0,2024-06-08,2024-06-08,387,387,0.0,Tablet,Credit Card,Google,3
C29701,1,3.0,61.62,61.62,20.54,3.0,2025-04-15,2025-04-15,76,76,0.01,Chair,Credit Card,Instagram,1
C29703,1,4.0,2790.0,2790.0,697.5,7.0,2023-12-17,2023-12-17,561,561,0.0,Desk,Cash,Referral,5
C29758,1,2.0,798.64,798.64,399.32,6.0,2023-09-19,2023-09-19,650,650,0.0,Chair,Online,Instagram,1
C29844,1,2.0,877.24,877.24,438.62,3.0,2025-04-19,2025-04-19,72,72,0.01,Tablet,Cash,Facebook,3
C29885,1,3.0,568.32,568.32,189.44,4.0,2023-11-19,2023-11-19,589,589,0.0,Printer,Cash,Email,1
C29905,1,2.0,1067.9,1067.9,533.95,5.0,2024-03-17,2024-03-17,470,470,0.0,Desk,Online,Google,7
C29914,1,1.0,133.39,133.39,133.39,2.0,2024-08-03,2024-08-03,331,331,0.0,Laptop,Debit Card,Referral,0
C29931,1,4.0,612.36,612.36,153.09,4.0,2023-10-04,2023-10-04,635,635,0.0,Desk,Online,Referral,7
C30010,1,3.0,382.23,382.23,127.41,7.0,2025-04-25,2025-04-25,66,66,0.01,Phone,Gift Card,Referral,2
C30168,1,3.0,933.99,933.99,311.33,3.0,2024-08-24,2024-08-24,310,310,0.0,Phone,Cash,Instagram,2
C30184,1,1.0,427.06,427.06,427.06,1.0,2023-09-28,2023-09-28,641,641,0.0,Monitor,Online,Referral,6
C30334,1,2.0,267.1,267.1,133.55,7.0,2023-12-07,2023-12-07,571,571,0.0,Phone,Cash,Facebook,2
C30411,1,4.0,2551.16,2551.16,637.79,9.0,2025-04-22,2025-04-22,69,69,0.01,Printer,Gift Card,Google,5
C30477,1,1.0,201.58,201.58,201.58,2.0,2025-04-12,2025-04-12,79,79,0.01,Printer,Debit Card,Email,1
C30513,1,1.0,586.44,586.44,586.44,5.0,2024-09-08,2024-09-08,295,295,0.0,Tablet,Online,Facebook,3
C30643,1,3.0,918.87,918.87,306.29,7.0,2024-06-11,2024-06-11,384,384,0.0,Laptop,Credit Card,Instagram,0
C30686,1,4.0,1614.32,1614.32,403.58,9.0,2025-06-13,2025-06-13,17,17,0.06,Printer,Online,Referral,1
C30711,1,1.0,278.66,278.66,278.66,2.0,2024-01-20,2024-01-20,527,527,0.0,Monitor,Gift Card,Instagram,6
C30722,1,5.0,1333.9,1333.9,266.78,5.0,2023-09-27,2023-09-27,642,642,0.0,Desk,Gift Card,Email,7
C30923,1,1.0,654.27,654.27,654.27,2.0,2023-01-28,2023-01-28,884,884,0.0,Laptop,Gift Card,Facebook,0
C30955,1,4.0,167.6,167.6,41.9,9.0,2023-11-05,2023-11-05,603,603,0.0,Phone,Gift Card,Instagram,2
C31072,1,4.0,916.4,916.4,229.1,8.0,2024-04-16,2024-04-16,440,440,0.0,Laptop,Gift Card,Email,0
C31105,1,1.0,583.99,583.99,583.99,2.0,2023-05-11,2023-05-11,781,781,0.0,Chair,Cash,Email,1
C31371,1,2.0,507.36,507.36,253.68,6.0,2023-12-08,2023-12-08,570,570,0.0,Printer,Gift Card,Referral,1
C31412,1,4.0,2042.32,2042.32,510.58,7.0,2024-07-02,2024-07-02,363,363,0.0,Monitor,Credit Card,Email,6
C31501,1,3.0,1764.15,1764.15,588.05,8.0,2025-06-27,2025-06-27,3,3,0.25,Desk,Gift Card,Instagram,7
C31668,1,5.0,569.35,569.35,113.87,6.0,2024-05-24,2024-05-24,402,402,0.0,Laptop,Credit Card,Email,0
C31761,1,4.0,2600.16,2600.16,650.04,6.0,2024-11-01,2024-11-01,241,241,0.0,Chair,Gift Card,Facebook,5
C31764,1,1.0,655.09,655.09,655.09,6.0,2024-12-06,2024-12-06,206,206,0.0,Tablet,Cash,Referral,3
C31772,1,1.0,693.41,693.41,693.41,4.0,2023-07-11,2023-07-11,720,720,0.0,Phone,Debit Card,Instagram,2
C31810,1,1.0,178.44,178.44,178.44,2.0,2023-02-02,2023-02-02,879,879,0.0,Phone,Credit Card,Google,2
C31946,1,4.0,2037.52,2037.52,509.38,6.0,2023-11-21,2023-11-21,587,587,0.0,Desk,Credit Card,Google,7
C32011,1,1.0,628.89,628.89,628.89,2.0,2025-02-26,2025-02-26,124,124,0.01,Chair,Credit Card,Referral,1
C32029,1,4.0,701.44,701.44,175.36,4.0,2024-08-06,2024-08-06,328,328,0.0,Printer,Debit Card,Instagram,1
C32121,1,4.0,795.24,795.24,198.81,9.0,2025-02-12,2025-02-12,138,138,0.01,Laptop,Cash,Referral,0
C32183,1,3.0,1985.67,1985.67,661.89,6.0,2025-02-24,2025-02-24,126,126,0.01,Desk,Online,Referral,7
C32347,1,1.0,249.81,249.81,249.81,1.0,2023-12-13,2023-12-13,565,565,0.0,Printer,Cash,Google,1
C32570,1,1.0,11.39,11.39,11.39,6.0,2023-10-16,2023-10-16,623,623,0.0,Phone,Cash,Email,2
C32580,1,5.0,1874.95,1874.95,374.99,9.0,2023-11-27,2023-11-27,581,581,0.0,Phone,Online,Facebook,5
C32650,1,2.0,1210.52,1210.52,605.26,4.0,2024-05-27,2024-05-27,399,399,0.0,Monitor,Cash,Referral,6
C32687,1,2.0,852.44,852.44,426.22,7.0,2024-12-16,2024-12-16,196,196,0.01,Laptop,Online,Google,0
C32798,1,2.0,993.24,993.24,496.62,2.0,2024-09-15,2024-09-15,288,288,0.0,Phone,Online,Instagram,2
C32854,1,1.0,65.45,65.45,65.45,2.0,2023-02-20,2023-02-20,861,861,0.0,Desk,Cash,Google,7
C32943,1,2.0,824.28,824.28,412.14,2.0,2023-09-08,2023-09-08,661,661,0.0,Desk,Credit Card,Instagram,7
C32956,1,5.0,2715.8,2715.8,543.16,6.0,2024-07-24,2024-07-24,341,341,0.0,Laptop,Online,Instagram,5
C32960,1,5.0,2223.8,2223.8,444.76,7.0,2023-12-01,2023-12-01,577,577,0.0,Printer,Debit Card,Email,5
C33051,1,2.0,883.08,883.08,441.54,2.0,2024-04-23,2024-04-23,433,433,0.0,Phone,Online,Email,2
C33099,1,5.0,241.9,241.9,48.38,9.0,2024-12-28,2024-12-28,184,184,0.01,Laptop,Gift Card,Email,0
C33110,1,3.0,1584.42,1584.42,528.14,3.0,2025-05-31,2025-05-31,30,30,0.03,Chair,Online,Email,1
C33220,1,4.0,1852.16,1852.16,463.04,9.0,2023-02-16,2023-02-16,865,865,0.0,Tablet,Gift Card,Instagram,5
C33260,1,3.0,1270.59,1270.59,423.53,6.0,2024-09-20,2024-09-20,283,283,0.0,Desk,Credit Card,Referral,7
C33313,1,3.0,1738.65,1738.65,579.55,8.0,2025-04-29,2025-04-29,62,62,0.02,Phone,Gift Card,Facebook,2
C33315,1,3.0,1687.65,1687.65,562.55,6.0,2024-06-09,2024-06-09,386,386,0.0,Printer,Debit Card,Email,1
C33540,1,1.0,273.19,273.19,273.19,5.0,2023-10-15,2023-10-15,624,624,0.0,Chair,Debit Card,Facebook,1
C33634,1,4.0,2355.4,2355.4,588.85,7.0,2023-01-31,2023-01-31,881,881,0.0,Monitor,Gift Card,Email,5
C33729,1,3.0,1978.71,1978.71,659.57,6.0,2023-03-31,2023-03-31,822,822,0.0,Monitor,Credit Card,Email,6
C33744,1,4.0,2307.48,2307.48,576.87,5.0,2023-05-09,2023-05-09,783,783,0.0,Chair,Gift Card,Instagram,5
C33802,1,1.0,604.87,604.87,604.87,4.0,2024-07-28,2024-07-28,337,337,0.0,Monitor,Online,Instagram,6
C34134,1,1.0,254.12,254.12,254.12,1.0,2025-04-06,2025-04-06,85,85,0.01,Printer,Online,Email,1
C34266,1,4.0,2519.52,2519.52,629.88,8.0,2025-02-25,2025-02-25,125,125,0.01,Monitor,Debit Card,Instagram,5
C34337,1,5.0,950.55,950.55,190.11,7.0,2024-07-22,2024-07-22,343,343,0.0,Phone,Cash,Google,2
C34416,1,2.0,99.24,99.24,49.62,2.0,2023-01-29,2023-01-29,883,883,0.0,Monitor,Online,Google,6
C34555,1,1.0,372.8,372.8,372.8,6.0,2023-03-12,2023-03-12,841,841,0.0,Chair,Cash,Facebook,1
C34686,1,1.0,68.39,68.39,68.39,3.0,2025-03-28,2025-03-28,94,94,0.01,Tablet,Online,Facebook,3
C35043,1,5.0,132.15,132.15,26.43,5.0,2025-03-05,2025-03-05,117,117,0.01,Monitor,Gift Card,Facebook,6
C35091,1,1.0,211.14,211.14,211.14,1.0,2024-03-29,2024-03-29,458,458,0.0,Monitor,Credit Card,Facebook,6
C35100,1,2.0,639.82,639.82,319.91,3.0,2024-12-15,2024-12-15,197,197,0.01,Phone,Credit Card,Google,2
C35117,1,2.0,1395.86,1395.86,697.93,2.0,2025-05-06,2025-05-06,55,55,0.02,Desk,Credit Card,Google,7
C35123,1,4.0,1546.92,1546.92,386.73,4.0,2024-06-13,2024-06-13,382,382,0.0,Phone,Cash,Facebook,2
C35136,1,1.0,634.94,634.94,634.94,5.0,2023-03-20,2023-03-20,833,833,0.0,Laptop,Online,Instagram,0
C35168,1,2.0,1199.72,1199.72,599.86,7.0,2023-01-24,2023-01-24,888,888,0.0,Tablet,Gift Card,Facebook,3
C35355,1,4.0,1327.6,1327.6,331.9,5.0,2024-04-20,2024-04-20,436,436,0.0,Printer,Cash,Instagram,1
C35377,1,5.0,3119.05,3119.05,623.81,6.0,2023-05-27,2023-05-27,765,765,0.0,Phone,Cash,Email,5
C35397,1,5.0,331.55,331.55,66.31,7.0,2025-05-24,2025-05-24,37,37,0.03,Printer,Gift Card,Referral,1
C35483,1,3.0,671.1,671.1,223.7,3.0,2024-08-31,2024-08-31,303,303,0.0,Printer,Cash,Email,1
C35566,1,4.0,258.76,258.76,64.69,7.0,2023-02-14,2023-02-14,867,867,0.0,Laptop,Debit Card,Google,0
C35628,1,3.0,1660.71,1660.71,553.57,4.0,2024-11-24,2024-11-24,218,218,0.0,Chair,Credit Card,Facebook,5
C35669,1,5.0,2894.15,2894.15,578.83,6.0,2024-06-21,2024-06-21,374,374,0.0,Printer,Cash,Referral,5
C35711,1,4.0,1308.48,1308.48,327.12,4.0,2024-08-31,2024-08-31,303,303,0.0,Monitor,Credit Card,Email,6
C35785,1,1.0,427.82,427.82,427.82,2.0,2024-04-07,2024-04-07,449,449,0.0,Printer,Online,Email,1
C35852,2,7.0,1248.39,624.195,203.72500000000002,5.5,2024-03-05,2025-03-02,482,120,0.0,Monitor,Online,Instagram,4
C35854,1,5.0,939.85,939.85,187.97,9.0,2023-08-29,2023-08-29,671,671,0.0,Tablet,Cash,Google,3
C35983,1,5.0,3137.15,3137.15,627.43,10.0,2024-03-10,2024-03-10,477,477,0.0,Laptop,Credit Card,Email,5
C35987,1,5.0,3267.3,3267.3,653.46,9.0,2023-09-04,2023-09-04,665,665,0.0,Tablet,Cash,Email,5
C36014,1,2.0,869.94,869.94,434.97,7.0,2023-06-11,2023-06-11,750,750,0.0,Printer,Online,Email,1
C36137,1,3.0,717.24,717.24,239.08,8.0,2024-11-24,2024-11-24,218,218,0.0,Laptop,Cash,Google,0
C36150,1,2.0,1069.82,1069.82,534.91,5.0,2023-10-06,2023-10-06,633,633,0.0,Laptop,Debit Card,Google,0
C36174,1,3.0,926.94,926.94,308.98,3.0,2024-05-31,2024-05-31,395,395,0.0,Printer,Cash,Instagram,1
C36383,1,5.0,2107.2,2107.2,421.44,5.0,2024-10-03,2024-10-03,270,270,0.0,Monitor,Cash,Instagram,6
C36408,1,5.0,3075.5,3075.5,615.1,10.0,2024-01-15,2024-01-15,532,532,0.0,Monitor,Gift Card,Instagram,5
C36467,1,1.0,75.78,75.78,75.78,5.0,2023-07-23,2023-07-23,708,708,0.0,Printer,Cash,Google,1
C36492,1,1.0,45.94,45.94,45.94,2.0,2024-08-30,2024-08-30,304,304,0.0,Desk,Cash,Email,7
C36497,1,2.0,86.3,86.3,43.15,3.0,2023-08-22,2023-08-22,678,678,0.0,Desk,Debit Card,Email,7
C36534,1,3.0,1963.62,1963.62,654.54,7.0,2023-11-11,2023-11-11,597,597,0.0,Monitor,Cash,Referral,6
C36540,1,4.0,728.32,728.32,182.08,4.0,2023-09-18,2023-09-18,651,651,0.0,Chair,Gift Card,Email,1
C36613,1,3.0,1894.92,1894.92,631.64,3.0,2023-08-26,2023-08-26,674,674,0.0,Monitor,Credit Card,Facebook,6
C36688,1,1.0,305.17,305.17,305.17,3.0,2023-04-21,2023-04-21,801,801,0.0,Desk,Gift Card,Referral,7
C36725,1,5.0,3253.6,3253.6,650.72,8.0,2024-10-27,2024-10-27,246,246,0.0,Monitor,Credit Card,Email,5
C36778,1,1.0,388.33,388.33,388.33,2.0,2024-12-30,2024-12-30,182,182,0.01,Tablet,Cash,Facebook,3
C36813,1,3.0,1842.45,1842.45,614.15,3.0,2023-11-13,2023-11-13,595,595,0.0,Laptop,Gift Card,Facebook,0
C36825,1,2.0,877.52,877.52,438.76,2.0,2023-02-27,2023-02-27,854,854,0.0,Laptop,Debit Card,Facebook,0
C36938,1,3.0,761.94,761.94,253.98,3.0,2025-02-06,2025-02-06,144,144,0.01,Monitor,Credit Card,Email,6
C36992,1,3.0,671.37,671.37,223.79,3.0,2023-07-14,2023-07-14,717,717,0.0,Chair,Debit Card,Google,1
C36997,1,4.0,745.64,745.64,186.41,6.0,2023-09-08,2023-09-08,661,661,0.0,Phone,Gift Card,Google,2
C37032,1,2.0,847.76,847.76,423.88,7.0,2023-08-11,2023-08-11,689,689,0.0,Phone,Debit Card,Referral,2
C37235,1,4.0,151.04,151.04,37.76,7.0,2023-06-02,2023-06-02,759,759,0.0,Desk,Debit Card,Google,7
C37249,1,2.0,491.72,491.72,245.86,4.0,2023-10-23,2023-10-23,616,616,0.0,Phone,Credit Card,Instagram,2
C37375,1,2.0,1036.46,1036.46,518.23,5.0,2024-01-18,2024-01-18,529,529,0.0,Tablet,Debit Card,Email,3
C37412,1,1.0,432.47,432.47,432.47,4.0,2023-07-18,2023-07-18,713,713,0.0,Phone,Cash,Referral,2
C37454,1,3.0,1303.35,1303.35,434.45,4.0,2025-06-10,2025-06-10,20,20,0.05,Monitor,Credit Card,Referral,6
C37455,1,5.0,2380.05,2380.05,476.01,7.0,2023-10-22,2023-10-22,617,617,0.0,Phone,Credit Card,Google,5
C37531,1,5.0,1349.3,1349.3,269.86,6.0,2024-03-09,2024-03-09,478,478,0.0,Desk,Cash,Facebook,7
C37594,1,4.0,1361.2,1361.2,340.3,8.0,2024-06-11,2024-06-11,384,384,0.0,Laptop,Cash,Referral,0
C37969,1,3.0,362.46,362.46,120.82,5.0,2023-12-02,2023-12-02,576,576,0.0,Desk,Credit Card,Referral,7
C38024,1,2.0,546.86,546.86,273.43,7.0,2024-05-07,2024-05-07,419,419,0.0,Tablet,Cash,Referral,3
C38065,1,3.0,1178.55,1178.55,392.85,6.0,2023-03-02,2023-03-02,851,851,0.0,Printer,Credit Card,Google,1
C38068,1,5.0,1302.65,1302.65,260.53,5.0,2024-06-02,2024-06-02,393,393,0.0,Desk,Gift Card,Instagram,7
C38126,1,4.0,2060.76,2060.76,515.19,9.0,2024-12-19,2024-12-19,193,193,0.01,Printer,Credit Card,Facebook,5
C38134,1,2.0,419.88,419.88,209.94,3.0,2023-07-19,2023-07-19,712,712,0.0,Desk,Credit Card,Email,7
C38262,1,1.0,155.27,155.27,155.27,6.0,2024-01-30,2024-01-30,517,517,0.0,Tablet,Debit Card,Email,3
C38557,1,3.0,1915.5,1915.5,638.5,4.0,2025-04-27,2025-04-27,64,64,0.02,Monitor,Debit Card,Instagram,6
C38642,1,5.0,1046.0,1046.0,209.2,6.0,2023-08-21,2023-08-21,679,679,0.0,Laptop,Debit Card,Email,0
C38669,1,4.0,405.28,405.28,101.32,7.0,2023-02-17,2023-02-17,864,864,0.0,Monitor,Cash,Referral,6
C38785,1,2.0,361.0,361.0,180.5,6.0,2024-10-15,2024-10-15,258,258,0.0,Monitor,Debit Card,Referral,6
C38840,2,9.0,5662.6875,2831.34375,630.6300000000001,7.0,2023-06-07,2024-06-08,754,387,0.0,Chair,Credit Card,Facebook,4
C38845,1,1.0,532.89,532.89,532.89,2.0,2024-07-16,2024-07-16,349,349,0.0,Laptop,Gift Card,Referral,0
C38928,1,4.0,1671.56,1671.56,417.89,4.0,2024-09-14,2024-09-14,289,289,0.0,Laptop,Gift Card,Google,0
C38966,1,5.0,2021.95,2021.95,404.39,10.0,2024-08-31,2024-08-31,303,303,0.0,Printer,Online,Referral,5
C39000,1,1.0,287.46,287.46,287.46,3.0,2024-09-02,2024-09-02,301,301,0.0,Phone,Debit Card,Facebook,2
C39017,1,3.0,994.38,994.38,331.46,6.0,2023-07-12,2023-07-12,719,719,0.0,Chair,Credit Card,Referral,1
C39074,1,5.0,3032.6,3032.6,606.52,6.0,2023-10-25,2023-10-25,614,614,0.0,Laptop,Debit Card,Instagram,5
C39106,1,1.0,546.19,546.19,546.19,5.0,2024-02-07,2024-02-07,509,509,0.0,Printer,Cash,Referral,1
C39130,1,5.0,226.55,226.55,45.31,8.0,2023-08-23,2023-08-23,677,677,0.0,Chair,Online,Referral,1
C39176,1,4.0,1737.68,1737.68,434.42,6.0,2023-03-14,2023-03-14,839,839,0.0,Tablet,Online,Google,3
C39246,1,5.0,931.4,931.4,186.28,8.0,2024-04-18,2024-04-18,438,438,0.0,Monitor,Debit Card,Email,6
C39256,1,1.0,417.1,417.1,417.1,3.0,2024-08-21,2024-08-21,313,313,0.0,Desk,Debit Card,Referral,7
C39260,1,2.0,427.66,427.66,213.83,2.0,2023-08-13,2023-08-13,687,687,0.0,Tablet,Debit Card,Email,3
C39416,1,1.0,473.96,473.96,473.96,3.0,2023-07-17,2023-07-17,714,714,0.0,Printer,Cash,Google,1
C39530,1,3.0,1704.15,1704.15,568.05,6.0,2024-10-24,2024-10-24,249,249,0.0,Desk,Gift Card,Google,7
C39550,1,1.0,558.27,558.27,558.27,1.0,2025-05-14,2025-05-14,47,47,0.02,Phone,Online,Referral,2
C39551,1,1.0,76.93,76.93,76.93,6.0,2023-02-05,2023-02-05,876,876,0.0,Monitor,Debit Card,Instagram,6
C39593,1,3.0,2078.13,2078.13,692.71,3.0,2023-11-24,2023-11-24,584,584,0.0,Phone,Credit Card,Instagram,2
C39638,1,4.0,2161.32,2161.32,540.33,6.0,2025-02-28,2025-02-28,122,122,0.01,Laptop,Cash,Google,0
C39639,1,1.0,65.95,65.95,65.95,5.0,2025-01-15,2025-01-15,166,166,0.01,Monitor,Credit Card,Facebook,6
C39648,1,1.0,465.33,465.33,465.33,2.0,2023-11-30,2023-11-30,578,578,0.0,Chair,Gift Card,Google,1
C39664,1,5.0,946.25,946.25,189.25,10.0,2024-07-26,2024-07-26,339,339,0.0,Desk,Debit Card,Email,7
C39671,1,1.0,217.56,217.56,217.56,3.0,2023-12-27,2023-12-27,551,551,0.0,Laptop,Debit Card,Facebook,0
C39791,1,2.0,597.06,597.06,298.53,5.0,2024-01-16,2024-01-16,531,531,0.0,Chair,Debit Card,Email,1
C39906,1,1.0,75.01,75.01,75.01,3.0,2024-07-14,2024-07-14,351,351,0.0,Printer,Credit Card,Google,1
C39911,1,4.0,2073.6,2073.6,518.4,7.0,2023-08-28,2023-08-28,672,672,0.0,Phone,Credit Card,Facebook,5
C40136,1,3.0,1039.56,1039.56,346.52,3.0,2023-03-09,2023-03-09,844,844,0.0,Printer,Credit Card,Google,1
C40140,1,5.0,363.2,363.2,72.64,7.0,2024-02-21,2024-02-21,495,495,0.0,Phone,Credit Card,Email,2
C40201,1,2.0,185.82,185.82,92.91,3.0,2024-09-25,2024-09-25,278,278,0.0,Laptop,Cash,Instagram,0
C40304,1,4.0,479.36,479.36,119.84,8.0,2025-06-01,2025-06-01,29,29,0.03,Laptop,Gift Card,Referral,0
C40427,1,1.0,613.98,613.98,613.98,4.0,2023-08-20,2023-08-20,680,680,0.0,Phone,Online,Facebook,2
C40466,1,1.0,541.64,541.64,541.64,5.0,2024-09-04,2024-09-04,299,299,0.0,Desk,Debit Card,Email,7
C40538,1,2.0,423.64,423.64,211.82,4.0,2024-11-25,2024-11-25,217,217,0.0,Desk,Gift Card,Email,7
C40648,1,2.0,603.76,603.76,301.88,5.0,2023-03-09,2023-03-09,844,844,0.0,Laptop,Gift Card,Email,0
C40771,1,4.0,697.96,697.96,174.49,5.0,2024-12-14,2024-12-14,198,198,0.01,Laptop,Credit Card,Facebook,0
C40798,1,3.0,1081.98,1081.98,360.66,5.0,2023-02-02,2023-02-02,879,879,0.0,Tablet,Online,Instagram,3
C40863,1,3.0,489.39,489.39,163.13,5.0,2024-11-24,2024-11-24,218,218,0.0,Chair,Gift Card,Facebook,1
C40882,1,4.0,868.52,868.52,217.13,8.0,2025-01-24,2025-01-24,157,157,0.01,Desk,Cash,Email,7
C40949,1,2.0,1105.26,1105.26,552.63,7.0,2024-08-31,2024-08-31,303,303,0.0,Monitor,Debit Card,Instagram,6
C40967,1,5.0,287.25,287.25,57.45,10.0,2025-03-16,2025-03-16,106,106,0.01,Monitor,Cash,Facebook,6
C41132,1,1.0,381.61,381.61,381.61,5.0,2023-04-03,2023-04-03,819,819,0.0,Chair,Debit Card,Email,1
C41137,1,3.0,1347.39,1347.39,449.13,5.0,2025-01-27,2025-01-27,154,154,0.01,Chair,Cash,Referral,1
C41284,1,4.0,737.92,737.92,184.48,4.0,2024-03-31,2024-03-31,456,456,0.0,Laptop,Online,Google,0
C41320,1,3.0,1709.52,1709.52,569.84,8.0,2024-08-04,2024-08-04,330,330,0.0,Printer,Gift Card,Instagram,5
C41331,1,5.0,1203.05,1203.05,240.61,10.0,2023-05-25,2023-05-25,767,767,0.0,Monitor,Credit Card,Email,6
C41460,1,5.0,747.75,747.75,149.55,9.0,2023-05-12,2023-05-12,780,780,0.0,Monitor,Cash,Facebook,6
C41478,1,4.0,2138.28,2138.28,534.57,6.0,2023-08-13,2023-08-13,687,687,0.0,Printer,Credit Card,Facebook,5
C41508,1,4.0,429.96,429.96,107.49,5.0,2024-06-25,2024-06-25,370,370,0.0,Printer,Cash,Google,1
C41598,1,3.0,1472.76,1472.76,490.92,5.0,2023-12-11,2023-12-11,567,567,0.0,Chair,Credit Card,Email,5
C41709,1,2.0,712.7,712.7,356.35,6.0,2023-06-16,2023-06-16,745,745,0.0,Desk,Debit Card,Facebook,7
C41903,1,3.0,160.8,160.8,53.6,4.0,2023-10-09,2023-10-09,630,630,0.0,Desk,Cash,Facebook,7
C41974,1,3.0,2099.79,2099.79,699.93,7.0,2024-11-30,2024-11-30,212,212,0.0,Laptop,Cash,Google,0
C42108,1,2.0,641.36,641.36,320.68,5.0,2024-06-19,2024-06-19,376,376,0.0,Desk,Credit Card,Referral,7
C42235,1,4.0,1193.44,1193.44,298.36,8.0,2023-10-31,2023-10-31,608,608,0.0,Chair,Debit Card,Google,1
C42270,1,2.0,482.98,482.98,241.49,7.0,2024-04-24,2024-04-24,432,432,0.0,Phone,Debit Card,Instagram,2
C42306,1,3.0,612.81,612.81,204.27,4.0,2024-04-23,2024-04-23,433,433,0.0,Phone,Online,Google,2
C42365,1,1.0,214.08,214.08,214.08,2.0,2024-11-23,2024-11-23,219,219,0.0,Tablet,Gift Card,Google,3
C42372,1,4.0,1093.0,1093.0,273.25,5.0,2025-04-09,2025-04-09,82,82,0.01,Phone,Debit Card,Referral,2
C42451,1,5.0,665.05,665.05,133.01,10.0,2025-04-11,2025-04-11,80,80,0.01,Tablet,Credit Card,Facebook,3
C42577,1,1.0,399.98,399.98,399.98,3.0,2024-07-24,2024-07-24,341,341,0.0,Monitor,Debit Card,Email,6
C42949,1,1.0,660.66,660.66,660.66,3.0,2023-11-29,2023-11-29,579,579,0.0,Printer,Debit Card,Instagram,1
C43124,1,4.0,2773.44,2773.44,693.36,8.0,2023-05-04,2023-05-04,788,788,0.0,Chair,Online,Instagram,5
C43212,1,4.0,2200.56,2200.56,550.14,4.0,2024-06-26,2024-06-26,369,369,0.0,Monitor,Debit Card,Instagram,6
C43249,1,3.0,1391.43,1391.43,463.81,8.0,2025-03-08,2025-03-08,114,114,0.01,Printer,Online,Email,1
C43330,1,3.0,580.47,580.47,193.49,6.0,2023-12-27,2023-12-27,551,551,0.0,Monitor,Gift Card,Facebook,6
C43335,1,2.0,548.24,548.24,274.12,6.0,2025-06-28,2025-06-28,2,2,0.33,Phone,Cash,Referral,2
C43338,1,3.0,1435.95,1435.95,478.65,4.0,2023-05-11,2023-05-11,781,781,0.0,Monitor,Online,Referral,6
C43443,1,5.0,3129.85,3129.85,625.97,9.0,2023-12-29,2023-12-29,549,549,0.0,Tablet,Credit Card,Instagram,5
C43524,1,5.0,2621.3,2621.3,524.26,5.0,2024-01-10,2024-01-10,537,537,0.0,Phone,Gift Card,Referral,5
C43538,1,3.0,1290.18,1290.18,430.06,8.0,2025-05-13,2025-05-13,48,48,0.02,Desk,Gift Card,Instagram,7
C43545,1,5.0,1876.25,1876.25,375.25,9.0,2024-12-22,2024-12-22,190,190,0.01,Monitor,Gift Card,Email,6
C43546,1,3.0,485.91,485.91,161.97,4.0,2025-06-08,2025-06-08,22,22,0.04,Monitor,Cash,Email,6
C43595,1,5.0,2807.4,2807.4,561.48,9.0,2025-05-13,2025-05-13,48,48,0.02,Printer,Online,Facebook,5
C43721,1,1.0,131.61,131.61,131.61,2.0,2023-02-06,2023-02-06,875,875,0.0,Phone,Cash,Facebook,2
C43842,1,2.0,1303.14,1303.14,651.57,7.0,2024-10-19,2024-10-19,254,254,0.0,Chair,Debit Card,Facebook,5
C43867,1,1.0,524.06,524.06,524.06,3.0,2024-07-25,2024-07-25,340,340,0.0,Tablet,Debit Card,Email,3
C43911,1,4.0,1674.84,1674.84,418.71,8.0,2023-06-11,2023-06-11,750,750,0.0,Chair,Cash,Instagram,5
C43919,1,3.0,1804.8,1804.8,601.6,7.0,2024-10-17,2024-10-17,256,256,0.0,Tablet,Credit Card,Facebook,3
C43965,1,2.0,359.92,359.92,179.96,5.0,2025-01-11,2025-01-11,170,170,0.01,Tablet,Gift Card,Instagram,3
C44148,1,4.0,1505.72,1505.72,376.43,5.0,2025-02-10,2025-02-10,140,140,0.01,Desk,Gift Card,Instagram,7
C44176,1,1.0,77.64,77.64,77.64,1.0,2025-02-28,2025-02-28,122,122,0.01,Desk,Credit Card,Facebook,7
C44267,1,2.0,853.4,853.4,426.7,5.0,2025-03-22,2025-03-22,100,100,0.01,Monitor,Online,Referral,6
C44277,1,1.0,458.63,458.63,458.63,4.0,2024-04-28,2024-04-28,428,428,0.0,Tablet,Debit Card,Referral,3
C44366,1,2.0,776.44,776.44,388.22,2.0,2023-01-04,2023-01-04,908,908,0.0,Laptop,Cash,Instagram,0
C44492,1,5.0,277.05,277.05,55.41,5.0,2023-10-24,2023-10-24,615,615,0.0,Laptop,Online,Google,0
C44619,1,3.0,475.11,475.11,158.37,6.0,2025-03-05,2025-03-05,117,117,0.01,Monitor,Cash,Referral,6
C44674,1,1.0,627.34,627.34,627.34,1.0,2024-11-11,2024-11-11,231,231,0.0,Laptop,Online,Referral,0
C44733,1,1.0,87.06,87.06,87.06,4.0,2025-03-01,2025-03-01,121,121,0.01,Desk,Credit Card,Email,7
C44778,1,1.0,153.0,153.0,153.0,4.0,2023-10-25,2023-10-25,614,614,0.0,Phone,Credit Card,Referral,2
C45104,1,1.0,687.89,687.89,687.89,1.0,2025-06-16,2025-06-16,14,14,0.07,Tablet,Cash,Email,3
C45175,1,1.0,70.82,70.82,70.82,1.0,2023-01-08,2023-01-08,904,904,0.0,Phone,Gift Card,Instagram,2
C45187,1,5.0,420.65,420.65,84.13,9.0,2023-06-28,2023-06-28,733,733,0.0,Desk,Online,Google,7
C45482,1,2.0,198.2,198.2,99.1,6.0,2023-03-09,2023-03-09,844,844,0.0,Monitor,Cash,Instagram,6
C45599,1,5.0,2379.75,2379.75,475.95,8.0,2023-02-16,2023-02-16,865,865,0.0,Printer,Credit Card,Facebook,5
C45671,1,2.0,1314.96,1314.96,657.48,5.0,2024-03-01,2024-03-01,486,486,0.0,Tablet,Online,Referral,3
C45862,1,1.0,176.1,176.1,176.1,1.0,2023-07-29,2023-07-29,702,702,0.0,Chair,Credit Card,Instagram,1
C45899,1,2.0,1285.96,1285.96,642.98,7.0,2023-12-23,2023-12-23,555,555,0.0,Monitor,Debit Card,Email,6
C46015,1,5.0,1812.3,1812.3,362.46,6.0,2024-11-18,2024-11-18,224,224,0.0,Laptop,Cash,Instagram,0
C46210,1,3.0,1286.64,1286.64,428.88,3.0,2024-09-24,2024-09-24,279,279,0.0,Laptop,Debit Card,Facebook,0
C46316,1,2.0,930.36,930.36,465.18,2.0,2025-05-06,2025-05-06,55,55,0.02,Laptop,Credit Card,Google,0
C46504,1,2.0,745.84,745.84,372.92,7.0,2023-02-21,2023-02-21,860,860,0.0,Tablet,Credit Card,Email,3
C46509,1,2.0,1174.98,1174.98,587.49,6.0,2024-02-27,2024-02-27,489,489,0.0,Chair,Gift Card,Referral,1
C46557,1,2.0,237.18,237.18,118.59,2.0,2024-03-18,2024-03-18,469,469,0.0,Desk,Credit Card,Email,7
C46651,2,5.0,1360.8899999999999,680.4449999999999,239.025,5.0,2023-08-01,2024-03-20,699,467,0.0,Chair,Cash,Facebook,4
C46873,1,4.0,1965.16,1965.16,491.29,6.0,2024-09-06,2024-09-06,297,297,0.0,Desk,Debit Card,Email,7
C46877,1,1.0,210.7,210.7,210.7,2.0,2025-02-02,2025-02-02,148,148,0.01,Laptop,Online,Referral,0
C46886,1,3.0,1849.17,1849.17,616.39,6.0,2025-06-08,2025-06-08,22,22,0.04,Desk,Credit Card,Instagram,7
C46920,1,2.0,1362.12,1362.12,681.06,3.0,2024-01-21,2024-01-21,526,526,0.0,Laptop,Debit Card,Facebook,0
C46967,1,2.0,1026.84,1026.84,513.42,5.0,2023-12-23,2023-12-23,555,555,0.0,Tablet,Online,Instagram,3
C47022,1,3.0,500.97,500.97,166.99,8.0,2024-04-07,2024-04-07,449,449,0.0,Monitor,Cash,Facebook,6
C47086,1,4.0,609.16,609.16,152.29,6.0,2023-08-09,2023-08-09,691,691,0.0,Phone,Debit Card,Google,2
C47283,1,1.0,263.96,263.96,263.96,2.0,2024-05-13,2024-05-13,413,413,0.0,Monitor,Gift Card,Google,6
C47284,1,3.0,893.01,893.01,297.67,6.0,2024-09-21,2024-09-21,282,282,0.0,Phone,Online,Google,2
C47307,1,2.0,1202.86,1202.86,601.43,5.0,2023-11-02,2023-11-02,606,606,0.0,Chair,Online,Instagram,1
C47365,1,2.0,82.0,82.0,41.0,7.0,2025-05-03,2025-05-03,58,58,0.02,Laptop,Online,Email,0
C47486,1,1.0,320.92,320.92,320.92,5.0,2024-12-04,2024-12-04,208,208,0.0,Chair,Online,Facebook,1
C47761,1,4.0,1165.4,1165.4,291.35,6.0,2023-03-19,2023-03-19,834,834,0.0,Printer,Credit Card,Facebook,1
C47778,1,5.0,3330.4075,3330.4075,666.8,7.0,2023-10-30,2023-10-30,609,609,0.0,Printer,Debit Card,Referral,5
C47823,1,2.0,956.72,956.72,478.36,3.0,2024-12-03,2024-12-03,209,209,0.0,Phone,Online,Google,2
C48120,1,1.0,280.25,280.25,280.25,5.0,2025-03-27,2025-03-27,95,95,0.01,Chair,Online,Email,1
C48176,1,4.0,1736.92,1736.92,434.23,8.0,2024-11-18,2024-11-18,224,224,0.0,Printer,Online,Email,1
C48207,1,2.0,833.62,833.62,416.81,2.0,2024-04-07,2024-04-07,449,449,0.0,Printer,Cash,Facebook,1
C48453,1,5.0,3194.0,3194.0,638.8,10.0,2024-06-19,2024-06-19,376,376,0.0,Desk,Debit Card,Referral,5
C48510,1,2.0,1042.8,1042.8,521.4,7.0,2025-04-16,2025-04-16,75,75,0.01,Laptop,Cash,Instagram,0
C48531,1,1.0,30.54,30.54,30.54,1.0,2024-12-07,2024-12-07,205,205,0.0,Tablet,Debit Card,Google,3
C48577,1,4.0,1640.84,1640.84,410.21,5.0,2024-07-29,2024-07-29,336,336,0.0,Printer,Cash,Instagram,1
C48601,1,1.0,414.47,414.47,414.47,3.0,2023-05-27,2023-05-27,765,765,0.0,Printer,Debit Card,Instagram,1
C48646,1,5.0,1159.1,1159.1,231.82,6.0,2024-06-14,2024-06-14,381,381,0.0,Phone,Debit Card,Facebook,2
C48649,1,3.0,204.36,204.36,68.12,3.0,2024-07-24,2024-07-24,341,341,0.0,Monitor,Online,Email,6
C48713,1,5.0,159.8,159.8,31.96,5.0,2024-03-10,2024-03-10,477,477,0.0,Printer,Credit Card,Referral,1
C48790,1,5.0,107.7,107.7,21.54,10.0,2024-07-22,2024-07-22,343,343,0.0,Laptop,Gift Card,Google,0
C48846,1,2.0,904.1,904.1,452.05,3.0,2025-05-31,2025-05-31,30,30,0.03,Printer,Credit Card,Email,1
C48939,1,5.0,2147.25,2147.25,429.45,5.0,2023-07-05,2023-07-05,726,726,0.0,Printer,Gift Card,Email,5
C48942,1,4.0,2654.68,2654.68,663.67,7.0,2023-11-25,2023-11-25,583,583,0.0,Tablet,Credit Card,Google,5
C48946,1,5.0,309.85,309.85,61.97,6.0,2025-05-02,2025-05-02,59,59,0.02,Laptop,Cash,Email,0
C48965,1,1.0,299.35,299.35,299.35,5.0,2023-10-31,2023-10-31,608,608,0.0,Printer,Credit Card,Email,1
C49009,1,5.0,537.4,537.4,107.48,9.0,2023-01-25,2023-01-25,887,887,0.0,Printer,Debit Card,Email,1
C49111,1,3.0,1510.17,1510.17,503.39,5.0,2025-02-27,2025-02-27,123,123,0.01,Monitor,Online,Facebook,6
C49137,1,2.0,598.46,598.46,299.23,2.0,2025-06-28,2025-06-28,2,2,0.33,Desk,Credit Card,Instagram,7
C49187,1,1.0,535.5,535.5,535.5,5.0,2023-03-08,2023-03-08,845,845,0.0,Tablet,Gift Card,Referral,3
C49198,1,3.0,1940.37,1940.37,646.79,5.0,2023-08-17,2023-08-17,683,683,0.0,Monitor,Cash,Google,6
C49282,1,5.0,253.7,253.7,50.74,7.0,2023-06-15,2023-06-15,746,746,0.0,Chair,Gift Card,Google,1
C49491,1,5.0,114.7,114.7,22.94,10.0,2023-04-12,2023-04-12,810,810,0.0,Chair,Cash,Email,1
C49517,1,1.0,594.96,594.96,594.96,6.0,2025-01-04,2025-01-04,177,177,0.01,Printer,Cash,Facebook,1
C49605,1,2.0,457.82,457.82,228.91,4.0,2024-05-10,2024-05-10,416,416,0.0,Monitor,Debit Card,Referral,6
C49710,1,4.0,1637.12,1637.12,409.28,8.0,2024-01-13,2024-01-13,534,534,0.0,Chair,Cash,Email,5
C49720,1,3.0,391.83,391.83,130.61,4.0,2025-06-25,2025-06-25,5,5,0.17,Printer,Debit Card,Facebook,1
C49726,1,1.0,17.98,17.98,17.98,6.0,2023-11-14,2023-11-14,594,594,0.0,Tablet,Cash,Email,3
C49831,1,3.0,1474.29,1474.29,491.43,6.0,2023-11-30,2023-11-30,578,578,0.0,Desk,Gift Card,Instagram,7
C49838,1,2.0,1105.66,1105.66,552.83,3.0,2024-06-24,2024-06-24,371,371,0.0,Printer,Credit Card,Referral,1
C49938,1,1.0,62.12,62.12,62.12,2.0,2024-09-03,2024-09-03,300,300,0.0,Monitor,Cash,Email,6
C49995,1,4.0,984.44,984.44,246.11,4.0,2023-03-23,2023-03-23,830,830,0.0,Laptop,Credit Card,Instagram,0
C50087,1,3.0,366.33,366.33,122.11,4.0,2023-10-16,2023-10-16,623,623,0.0,Chair,Online,Email,1
C50097,1,5.0,2339.05,2339.05,467.81,10.0,2024-07-22,2024-07-22,343,343,0.0,Chair,Online,Facebook,5
C50114,1,2.0,98.16,98.16,49.08,7.0,2025-03-30,2025-03-30,92,92,0.01,Monitor,Debit Card,Instagram,6
C50121,1,1.0,583.18,583.18,583.18,5.0,2024-05-24,2024-05-24,402,402,0.0,Phone,Credit Card,Google,2
C50137,1,3.0,59.19,59.19,19.73,3.0,2023-07-07,2023-07-07,724,724,0.0,Phone,Online,Referral,2
C50159,1,3.0,667.02,667.02,222.34,5.0,2023-11-27,2023-11-27,581,581,0.0,Printer,Credit Card,Email,1
C50211,1,2.0,53.0,53.0,26.5,3.0,2024-04-22,2024-04-22,434,434,0.0,Tablet,Online,Instagram,3
C50236,1,4.0,2463.32,2463.32,615.83,4.0,2025-05-25,2025-05-25,36,36,0.03,Desk,Online,Instagram,5
C50274,1,3.0,1528.26,1528.26,509.42,5.0,2023-07-23,2023-07-23,708,708,0.0,Monitor,Credit Card,Google,6
C50275,1,5.0,269.65,269.65,53.93,7.0,2024-09-04,2024-09-04,299,299,0.0,Phone,Gift Card,Instagram,2
C50304,1,2.0,930.3,930.3,465.15,2.0,2024-12-07,2024-12-07,205,205,0.0,Monitor,Online,Facebook,6
C50415,1,5.0,2830.35,2830.35,566.07,6.0,2024-10-10,2024-10-10,263,263,0.0,Monitor,Credit Card,Instagram,5
C50422,1,2.0,1129.16,1129.16,564.58,4.0,2025-02-21,2025-02-21,129,129,0.01,Monitor,Online,Facebook,6
C50565,1,1.0,411.34,411.34,411.34,5.0,2024-09-03,2024-09-03,300,300,0.0,Tablet,Debit Card,Instagram,3
C50612,1,4.0,226.64,226.64,56.66,4.0,2024-01-12,2024-01-12,535,535,0.0,Chair,Online,Instagram,1
C50682,1,2.0,501.96,501.96,250.98,5.0,2024-11-26,2024-11-26,216,216,0.0,Monitor,Credit Card,Google,6
C50683,1,2.0,576.42,576.42,288.21,5.0,2023-10-15,2023-10-15,624,624,0.0,Chair,Debit Card,Email,1
C50732,1,4.0,590.04,590.04,147.51,4.0,2024-12-11,2024-12-11,201,201,0.0,Chair,Debit Card,Instagram,1
C50967,1,2.0,364.8,364.8,182.4,5.0,2023-02-04,2023-02-04,877,877,0.0,Phone,Gift Card,Referral,2
C51024,1,1.0,489.8,489.8,489.8,4.0,2023-08-02,2023-08-02,698,698,0.0,Monitor,Gift Card,Facebook,6
C51145,1,4.0,2403.24,2403.24,600.81,9.0,2024-04-16,2024-04-16,440,440,0.0,Printer,Debit Card,Email,5
C51157,1,3.0,1778.61,1778.61,592.87,3.0,2023-09-17,2023-09-17,652,652,0.0,Desk,Gift Card,Referral,7
C51404,1,2.0,378.12,378.12,189.06,7.0,2024-01-18,2024-01-18,529,529,0.0,Monitor,Gift Card,Facebook,6
C51481,1,5.0,1244.2,1244.2,248.84,10.0,2023-06-23,2023-06-23,738,738,0.0,Monitor,Debit Card,Instagram,6
C51494,1,2.0,977.74,977.74,488.87,4.0,2025-03-08,2025-03-08,114,114,0.01,Laptop,Online,Google,0
C51694,1,2.0,1361.7,1361.7,680.85,6.0,2024-08-25,2024-08-25,309,309,0.0,Chair,Gift Card,Referral,5
C51811,1,3.0,1335.36,1335.36,445.12,8.0,2023-06-02,2023-06-02,759,759,0.0,Chair,Gift Card,Google,5
C51898,1,4.0,898.44,898.44,224.61,6.0,2024-01-23,2024-01-23,524,524,0.0,Printer,Credit Card,Facebook,1
C51921,1,3.0,1318.59,1318.59,439.53,5.0,2023-08-11,2023-08-11,689,689,0.0,Laptop,Debit Card,Google,0
C52184,1,1.0,162.77,162.77,162.77,4.0,2023-06-05,2023-06-05,756,756,0.0,Chair,Online,Facebook,1
C52313,1,2.0,836.52,836.52,418.26,2.0,2023-11-19,2023-11-19,589,589,0.0,Phone,Debit Card,Google,2
C52342,1,5.0,369.15,369.15,73.83,9.0,2025-02-07,2025-02-07,143,143,0.01,Laptop,Debit Card,Instagram,0
C52604,1,5.0,506.5,506.5,101.3,7.0,2024-11-23,2024-11-23,219,219,0.0,Printer,Online,Email,1
C52717,1,5.0,2756.35,2756.35,551.27,7.0,2025-04-19,2025-04-19,72,72,0.01,Desk,Online,Referral,5
C52751,1,4.0,1055.72,1055.72,263.93,4.0,2023-10-27,2023-10-27,612,612,0.0,Laptop,Debit Card,Facebook,0
C52879,1,5.0,3194.6,3194.6,638.92,5.0,2025-05-06,2025-05-06,55,55,0.02,Tablet,Credit Card,Google,5
C52914,1,4.0,839.96,839.96,209.99,8.0,2023-03-19,2023-03-19,834,834,0.0,Desk,Cash,Google,7
C52915,1,2.0,657.08,657.08,328.54,6.0,2023-12-13,2023-12-13,565,565,0.0,Printer,Gift Card,Email,1
C53049,1,2.0,1126.12,1126.12,563.06,6.0,2023-12-02,2023-12-02,576,576,0.0,Laptop,Cash,Instagram,0
C53070,1,4.0,2048.24,2048.24,512.06,5.0,2024-04-11,2024-04-11,445,445,0.0,Chair,Online,Google,5
C53215,1,1.0,265.38,265.38,265.38,6.0,2023-06-20,2023-06-20,741,741,0.0,Monitor,Credit Card,Email,6
C53252,1,4.0,570.32,570.32,142.58,4.0,2024-05-26,2024-05-26,400,400,0.0,Printer,Cash,Facebook,1
C53277,1,3.0,1595.16,1595.16,531.72,7.0,2025-02-18,2025-02-18,132,132,0.01,Desk,Gift Card,Google,7
C53334,1,3.0,1496.04,1496.04,498.68,4.0,2023-08-06,2023-08-06,694,694,0.0,Chair,Online,Email,5
C53464,1,5.0,3299.25,3299.25,659.85,9.0,2024-06-29,2024-06-29,366,366,0.0,Printer,Credit Card,Facebook,5
C53488,1,3.0,410.52,410.52,136.84,3.0,2024-05-12,2024-05-12,414,414,0.0,Desk,Cash,Facebook,7
C53501,1,1.0,249.57,249.57,249.57,3.0,2024-06-08,2024-06-08,387,387,0.0,Monitor,Cash,Google,6
C53545,1,3.0,1084.17,1084.17,361.39,8.0,2023-06-29,2023-06-29,732,732,0.0,Desk,Credit Card,Referral,7
C53627,1,5.0,1527.45,1527.45,305.49,10.0,2023-11-08,2023-11-08,600,600,0.0,Phone,Debit Card,Referral,2
C53631,1,3.0,595.89,595.89,198.63,8.0,2025-06-11,2025-06-11,19,19,0.05,Monitor,Cash,Instagram,6
C53645,1,3.0,1450.59,1450.59,483.53,4.0,2025-02-14,2025-02-14,136,136,0.01,Chair,Cash,Referral,1
C53697,1,4.0,827.36,827.36,206.84,5.0,2023-06-27,2023-06-27,734,734,0.0,Monitor,Cash,Instagram,6
C53810,1,4.0,2358.28,2358.28,589.57,8.0,2024-06-06,2024-06-06,389,389,0.0,Phone,Cash,Instagram,5
C54160,1,3.0,1010.13,1010.13,336.71,4.0,2023-06-13,2023-06-13,748,748,0.0,Desk,Credit Card,Email,7
C54277,1,2.0,519.16,519.16,259.58,7.0,2025-03-12,2025-03-12,110,110,0.01,Tablet,Debit Card,Instagram,3
C54298,1,3.0,1437.63,1437.63,479.21,5.0,2023-05-21,2023-05-21,771,771,0.0,Tablet,Cash,Referral,3
C54390,1,3.0,580.74,580.74,193.58,7.0,2025-01-03,2025-01-03,178,178,0.01,Printer,Gift Card,Email,1
C54409,1,3.0,1018.17,1018.17,339.39,7.0,2025-04-24,2025-04-24,67,67,0.01,Desk,Cash,Google,7
C54494,1,2.0,352.92,352.92,176.46,2.0,2023-09-02,2023-09-02,667,667,0.0,Tablet,Credit Card,Email,3
C54499,1,1.0,668.48,668.48,668.48,1.0,2023-12-03,2023-12-03,575,575,0.0,Monitor,Debit Card,Email,6
C54595,1,1.0,121.96,121.96,121.96,3.0,2025-03-18,2025-03-18,104,104,0.01,Phone,Debit Card,Google,2
C54675,1,2.0,1291.7,1291.7,645.85,5.0,2023-01-01,2023-01-01,911,911,0.0,Chair,Online,Referral,1
C54725,1,2.0,289.32,289.32,144.66,7.0,2025-05-09,2025-05-09,52,52,0.02,Chair,Online,Google,1
C54759,1,1.0,109.29,109.29,109.29,5.0,2024-11-27,2024-11-27,215,215,0.0,Laptop,Debit Card,Google,0
C54829,1,5.0,312.55,312.55,62.51,9.0,2023-05-08,2023-05-08,784,784,0.0,Chair,Cash,Instagram,1
C54886,1,1.0,355.15,355.15,355.15,2.0,2024-06-25,2024-06-25,370,370,0.0,Phone,Cash,Email,2
C55164,1,3.0,1979.64,1979.64,659.88,3.0,2023-03-16,2023-03-16,837,837,0.0,Tablet,Gift Card,Google,3
C55205,1,4.0,793.4,793.4,198.35,7.0,2024-04-09,2024-04-09,447,447,0.0,Tablet,Cash,Google,3
C55286,1,5.0,2873.95,2873.95,574.79,8.0,2024-02-21,2024-02-21,495,495,0.0,Tablet,Credit Card,Referral,5
C55354,1,2.0,684.22,684.22,342.11,2.0,2024-08-30,2024-08-30,304,304,0.0,Desk,Gift Card,Instagram,7
C55388,1,3.0,1213.86,1213.86,404.62,6.0,2023-03-27,2023-03-27,826,826,0.0,Tablet,Gift Card,Instagram,3
C55454,1,1.0,677.48,677.48,677.48,1.0,2023-05-01,2023-05-01,791,791,0.0,Monitor,Online,Facebook,6
C55464,1,1.0,601.36,601.36,601.36,1.0,2024-11-11,2024-11-11,231,231,0.0,Phone,Online,Facebook,2
C55590,1,1.0,625.51,625.51,625.51,1.0,2024-12-19,2024-12-19,193,193,0.01,Printer,Credit Card,Facebook,1
C55606,1,4.0,1102.0,1102.0,275.5,8.0,2025-05-03,2025-05-03,58,58,0.02,Desk,Gift Card,Google,7
C55632,1,5.0,2158.45,2158.45,431.69,10.0,2023-08-05,2023-08-05,695,695,0.0,Chair,Credit Card,Facebook,5
C55636,1,4.0,1702.4,1702.4,425.6,5.0,2023-04-21,2023-04-21,801,801,0.0,Monitor,Credit Card,Google,6
C55757,1,2.0,922.26,922.26,461.13,4.0,2023-09-10,2023-09-10,659,659,0.0,Printer,Gift Card,Email,1
C55778,1,5.0,551.9,551.9,110.38,10.0,2023-11-09,2023-11-09,599,599,0.0,Desk,Cash,Referral,7
C55819,1,5.0,1268.75,1268.75,253.75,9.0,2023-09-01,2023-09-01,668,668,0.0,Chair,Online,Instagram,5
C55996,1,5.0,2543.45,2543.45,508.69,10.0,2023-07-14,2023-07-14,717,717,0.0,Printer,Cash,Google,5
C56266,1,4.0,640.88,640.88,160.22,9.0,2024-09-28,2024-09-28,275,275,0.0,Desk,Debit Card,Instagram,7
C56506,1,3.0,773.52,773.52,257.84,4.0,2024-03-10,2024-03-10,477,477,0.0,Phone,Online,Instagram,2
C56553,1,3.0,212.43,212.43,70.81,8.0,2024-07-15,2024-07-15,350,350,0.0,Tablet,Credit Card,Referral,3
C56564,1,2.0,507.48,507.48,253.74,5.0,2025-03-05,2025-03-05,117,117,0.01,Phone,Online,Google,2
C56622,1,2.0,1095.34,1095.34,547.67,3.0,2025-04-08,2025-04-08,83,83,0.01,Phone,Gift Card,Instagram,2
C56722,1,5.0,110.35,110.35,22.07,7.0,2025-04-03,2025-04-03,88,88,0.01,Tablet,Online,Instagram,3
C56796,1,1.0,678.38,678.38,678.38,4.0,2025-02-14,2025-02-14,136,136,0.01,Phone,Credit Card,Referral,2
C56851,1,5.0,958.15,958.15,191.63,6.0,2023-10-31,2023-10-31,608,608,0.0,Chair,Gift Card,Facebook,1
C56928,1,4.0,1435.0,1435.0,358.75,9.0,2024-01-09,2024-01-09,538,538,0.0,Laptop,Gift Card,Facebook,0
C56938,1,3.0,1117.8,1117.8,372.6,7.0,2025-06-13,2025-06-13,17,17,0.06,Laptop,Credit Card,Referral,0
C56969,2,3.0,193.0,96.5,62.300000000000004,4.0,2023-06-29,2024-01-09,732,538,0.0,Tablet,Debit Card,Email,4
C57093,1,3.0,553.41,553.41,184.47,4.0,2024-02-08,2024-02-08,508,508,0.0,Tablet,Online,Referral,3
C57276,1,5.0,3330.4075,3330.4075,691.28,10.0,2023-08-17,2023-08-17,683,683,0.0,Tablet,Online,Email,5
C57502,1,4.0,2242.32,2242.32,560.58,6.0,2023-06-11,2023-06-11,750,750,0.0,Tablet,Gift Card,Referral,5
C57601,1,4.0,294.6,294.6,73.65,9.0,2024-09-09,2024-09-09,294,294,0.0,Monitor,Debit Card,Google,6
C57798,1,4.0,2308.32,2308.32,577.08,8.0,2024-04-11,2024-04-11,445,445,0.0,Desk,Online,Facebook,5
C57861,1,3.0,915.48,915.48,305.16,8.0,2025-03-07,2025-03-07,115,115,0.01,Printer,Credit Card,Referral,1
C57867,1,4.0,1543.68,1543.68,385.92,8.0,2023-05-17,2023-05-17,775,775,0.0,Chair,Credit Card,Instagram,5
C58063,1,2.0,987.26,987.26,493.63,6.0,2024-08-11,2024-08-11,323,323,0.0,Monitor,Online,Referral,6
C58108,1,4.0,2517.36,2517.36,629.34,4.0,2023-04-11,2023-04-11,811,811,0.0,Tablet,Cash,Instagram,5
C58156,1,1.0,95.1,95.1,95.1,1.0,2024-11-15,2024-11-15,227,227,0.0,Printer,Gift Card,Instagram,1
C58168,1,3.0,754.44,754.44,251.48,4.0,2024-05-24,2024-05-24,402,402,0.0,Phone,Credit Card,Email,2
C58341,1,1.0,639.83,639.83,639.83,2.0,2024-03-26,2024-03-26,461,461,0.0,Phone,Debit Card,Referral,2
C58410,1,1.0,645.46,645.46,645.46,5.0,2023-08-11,2023-08-11,689,689,0.0,Desk,Gift Card,Google,7
C58443,1,2.0,848.64,848.64,424.32,6.0,2023-09-04,2023-09-04,665,665,0.0,Tablet,Credit Card,Referral,3
C58503,1,5.0,1402.6,1402.6,280.52,7.0,2025-05-20,2025-05-20,41,41,0.02,Monitor,Credit Card,Facebook,6
C58638,1,4.0,1531.52,1531.52,382.88,6.0,2024-03-31,2024-03-31,456,456,0.0,Laptop,Cash,Email,0
C58721,1,3.0,617.58,617.58,205.86,4.0,2025-03-03,2025-03-03,119,119,0.01,Tablet,Gift Card,Email,3
C58773,1,5.0,2567.45,2567.45,513.49,8.0,2024-02-26,2024-02-26,490,490,0.0,Printer,Gift Card,Google,5
C58808,1,2.0,539.66,539.66,269.83,4.0,2024-11-08,2024-11-08,234,234,0.0,Chair,Online,Email,1
C58858,1,2.0,674.64,674.64,337.32,4.0,2024-12-02,2024-12-02,210,210,0.0,Chair,Credit Card,Email,1
C59139,1,5.0,458.35,458.35,91.67,9.0,2025-05-12,2025-05-12,49,49,0.02,Tablet,Online,Email,3
C59169,1,4.0,2517.36,2517.36,629.34,7.0,2023-07-10,2023-07-10,721,721,0.0,Chair,Cash,Email,5
C59183,1,5.0,3322.55,3322.55,664.51,8.0,2023-02-28,2023-02-28,853,853,0.0,Phone,Debit Card,Email,5
C59278,1,5.0,2360.05,2360.05,472.01,10.0,2024-10-15,2024-10-15,258,258,0.0,Laptop,Gift Card,Email,5
C59337,1,2.0,1068.86,1068.86,534.43,5.0,2025-05-08,2025-05-08,53,53,0.02,Laptop,Debit Card,Facebook,0
C59338,1,3.0,2070.9,2070.9,690.3,6.0,2024-02-25,2024-02-25,491,491,0.0,Printer,Credit Card,Google,5
C59441,1,5.0,2092.65,2092.65,418.53,6.0,2024-02-09,2024-02-09,507,507,0.0,Monitor,Credit Card,Google,6
C59554,1,2.0,912.08,912.08,456.04,4.0,2024-12-16,2024-12-16,196,196,0.01,Phone,Debit Card,Email,2
C59572,1,1.0,542.07,542.07,542.07,6.0,2023-03-28,2023-03-28,825,825,0.0,Monitor,Cash,Referral,6
C59579,1,2.0,897.7,897.7,448.85,6.0,2023-01-03,2023-01-03,909,909,0.0,Tablet,Credit Card,Instagram,3
C59685,1,2.0,788.32,788.32,394.16,2.0,2023-01-26,2023-01-26,886,886,0.0,Monitor,Online,Referral,6
C59724,1,2.0,819.5,819.5,409.75,2.0,2024-12-09,2024-12-09,203,203,0.0,Tablet,Debit Card,Facebook,3
C59752,1,5.0,1538.8,1538.8,307.76,9.0,2023-01-05,2023-01-05,907,907,0.0,Phone,Gift Card,Google,2
C59774,1,1.0,72.6,72.6,72.6,6.0,2024-04-15,2024-04-15,441,441,0.0,Monitor,Debit Card,Instagram,6
C59823,1,4.0,640.28,640.28,160.07,5.0,2023-11-21,2023-11-21,587,587,0.0,Phone,Online,Email,2
C60029,1,3.0,1524.36,1524.36,508.12,8.0,2023-01-06,2023-01-06,906,906,0.0,Chair,Credit Card,Referral,5
C60037,1,2.0,1054.92,1054.92,527.46,3.0,2025-01-16,2025-01-16,165,165,0.01,Laptop,Debit Card,Referral,0
C60042,1,4.0,1761.24,1761.24,440.31,6.0,2023-02-17,2023-02-17,864,864,0.0,Desk,Cash,Instagram,7
C60178,1,3.0,1023.45,1023.45,341.15,4.0,2023-01-02,2023-01-02,910,910,0.0,Laptop,Cash,Instagram,0
C60190,1,4.0,1898.76,1898.76,474.69,6.0,2023-01-15,2023-01-15,897,897,0.0,Phone,Gift Card,Google,2
C60203,1,2.0,583.7,583.7,291.85,5.0,2024-05-27,2024-05-27,399,399,0.0,Tablet,Cash,Instagram,3
C60215,1,4.0,334.4,334.4,83.6,4.0,2024-11-05,2024-11-05,237,237,0.0,Desk,Debit Card,Facebook,7
C60329,1,5.0,2476.75,2476.75,495.35,5.0,2024-04-26,2024-04-26,430,430,0.0,Desk,Credit Card,Facebook,5
C60355,1,2.0,1000.58,1000.58,500.29,7.0,2024-09-14,2024-09-14,289,289,0.0,Monitor,Online,Google,6
C60361,1,5.0,1948.1,1948.1,389.62,7.0,2024-06-16,2024-06-16,379,379,0.0,Desk,Cash,Facebook,7
C60384,1,4.0,1484.28,1484.28,371.07,7.0,2023-10-05,2023-10-05,634,634,0.0,Laptop,Cash,Facebook,0
C60547,1,1.0,257.0,257.0,257.0,5.0,2023-02-05,2023-02-05,876,876,0.0,Desk,Debit Card,Referral,7
C60572,1,3.0,1497.63,1497.63,499.21,8.0,2023-12-14,2023-12-14,564,564,0.0,Chair,Online,Instagram,5
C60575,1,5.0,1959.3,1959.3,391.86,6.0,2024-07-18,2024-07-18,347,347,0.0,Desk,Credit Card,Instagram,7
C60672,1,1.0,423.4,423.4,423.4,3.0,2024-03-02,2024-03-02,485,485,0.0,Tablet,Debit Card,Referral,3
C60699,1,3.0,1235.85,1235.85,411.95,7.0,2024-01-14,2024-01-14,533,533,0.0,Chair,Credit Card,Referral,1
C61070,1,2.0,951.56,951.56,475.78,2.0,2024-07-04,2024-07-04,361,361,0.0,Tablet,Online,Google,3
C61090,1,4.0,2062.36,2062.36,515.59,7.0,2024-04-07,2024-04-07,449,449,0.0,Laptop,Credit Card,Google,5
C61162,1,4.0,721.0,721.0,180.25,7.0,2024-07-13,2024-07-13,352,352,0.0,Monitor,Debit Card,Facebook,6
C61225,1,2.0,1300.5,1300.5,650.25,6.0,2023-02-25,2023-02-25,856,856,0.0,Monitor,Gift Card,Instagram,6
C61257,1,2.0,507.34,507.34,253.67,3.0,2024-07-05,2024-07-05,360,360,0.0,Monitor,Cash,Facebook,6
C61280,1,3.0,1472.22,1472.22,490.74,3.0,2024-05-24,2024-05-24,402,402,0.0,Phone,Cash,Email,2
C61384,1,3.0,802.35,802.35,267.45,5.0,2024-04-06,2024-04-06,450,450,0.0,Monitor,Gift Card,Instagram,6
C61440,1,1.0,583.9,583.9,583.9,1.0,2023-04-10,2023-04-10,812,812,0.0,Phone,Cash,Email,2
C61521,1,2.0,690.02,690.02,345.01,6.0,2024-05-12,2024-05-12,414,414,0.0,Phone,Credit Card,Google,2
C61549,1,4.0,1286.04,1286.04,321.51,9.0,2024-05-20,2024-05-20,406,406,0.0,Desk,Cash,Google,7
C61618,1,4.0,488.8,488.8,122.2,7.0,2024-03-24,2024-03-24,463,463,0.0,Desk,Cash,Facebook,7
C61668,1,2.0,139.28,139.28,69.64,6.0,2024-05-14,2024-05-14,412,412,0.0,Chair,Cash,Facebook,1
C61773,1,4.0,981.12,981.12,245.28,6.0,2023-10-02,2023-10-02,637,637,0.0,Phone,Credit Card,Email,2
C61849,1,4.0,2311.28,2311.28,577.82,9.0,2024-12-10,2024-12-10,202,202,0.0,Monitor,Credit Card,Google,5
C61943,1,2.0,985.8,985.8,492.9,5.0,2025-05-30,2025-05-30,31,31,0.03,Laptop,Cash,Instagram,0
C61957,1,1.0,483.38,483.38,483.38,6.0,2023-12-24,2023-12-24,554,554,0.0,Printer,Cash,Google,1
C62042,1,5.0,1539.9,1539.9,307.98,10.0,2023-05-14,2023-05-14,778,778,0.0,Tablet,Online,Facebook,3
C62070,1,1.0,176.58,176.58,176.58,4.0,2025-03-12,2025-03-12,110,110,0.01,Monitor,Debit Card,Referral,6
C62169,1,1.0,184.15,184.15,184.15,5.0,2025-04-06,2025-04-06,85,85,0.01,Chair,Gift Card,Facebook,1
C62277,1,4.0,309.88,309.88,77.47,7.0,2024-04-08,2024-04-08,448,448,0.0,Printer,Gift Card,Instagram,1
C62312,1,1.0,52.54,52.54,52.54,6.0,2024-10-06,2024-10-06,267,267,0.0,Printer,Debit Card,Facebook,1
C62405,1,2.0,460.72,460.72,230.36,4.0,2024-12-19,2024-12-19,193,193,0.01,Laptop,Online,Email,0
C62512,1,3.0,275.22,275.22,91.74,8.0,2024-09-10,2024-09-10,293,293,0.0,Printer,Debit Card,Referral,1
C62557,1,3.0,1232.64,1232.64,410.88,8.0,2023-01-13,2023-01-13,899,899,0.0,Monitor,Cash,Instagram,6
C62622,1,1.0,562.61,562.61,562.61,3.0,2025-03-28,2025-03-28,94,94,0.01,Tablet,Credit Card,Facebook,3
C62627,1,1.0,41.09,41.09,41.09,4.0,2023-03-18,2023-03-18,835,835,0.0,Desk,Online,Email,7
C62656,1,4.0,873.72,873.72,218.43,9.0,2025-01-25,2025-01-25,156,156,0.01,Phone,Credit Card,Email,2
C62661,1,3.0,1147.11,1147.11,382.37,8.0,2023-06-12,2023-06-12,749,749,0.0,Tablet,Debit Card,Instagram,3
C62666,1,5.0,322.5,322.5,64.5,8.0,2024-02-01,2024-02-01,515,515,0.0,Chair,Credit Card,Instagram,1
C62740,1,1.0,424.4,424.4,424.4,6.0,2023-02-27,2023-02-27,854,854,0.0,Phone,Online,Referral,2
C63018,1,1.0,38.49,38.49,38.49,4.0,2025-06-22,2025-06-22,8,8,0.11,Printer,Credit Card,Referral,1
C63150,1,3.0,410.91,410.91,136.97,4.0,2024-10-18,2024-10-18,255,255,0.0,Printer,Credit Card,Referral,1
C63153,1,4.0,2199.04,2199.04,549.76,4.0,2023-10-03,2023-10-03,636,636,0.0,Chair,Debit Card,Facebook,5
C63365,1,5.0,1098.9,1098.9,219.78,8.0,2023-08-04,2023-08-04,696,696,0.0,Desk,Credit Card,Facebook,7
C63372,1,5.0,2428.55,2428.55,485.71,10.0,2024-03-12,2024-03-12,475,475,0.0,Chair,Online,Referral,5
C63378,1,1.0,512.39,512.39,512.39,2.0,2024-04-18,2024-04-18,438,438,0.0,Phone,Online,Instagram,2
C63619,1,3.0,1857.63,1857.63,619.21,6.0,2024-04-22,2024-04-22,434,434,0.0,Chair,Debit Card,Email,5
C63657,1,3.0,1274.67,1274.67,424.89,6.0,2025-02-28,2025-02-28,122,122,0.01,Tablet,Debit Card,Google,3
C63727,1,2.0,724.28,724.28,362.14,2.0,2024-12-27,2024-12-27,185,185,0.01,Desk,Debit Card,Instagram,7
C63822,1,4.0,507.56,507.56,126.89,9.0,2023-11-25,2023-11-25,583,583,0.0,Laptop,Cash,Instagram,0
C63827,1,4.0,1974.92,1974.92,493.73,6.0,2025-06-05,2025-06-05,25,25,0.04,Phone,Debit Card,Facebook,2
C64128,1,3.0,284.64,284.64,94.88,8.0,2025-02-09,2025-02-09,141,141,0.01,Tablet,Gift Card,Referral,3
C64160,1,2.0,330.98,330.98,165.49,4.0,2023-08-28,2023-08-28,672,672,0.0,Monitor,Online,Instagram,6
C64502,1,5.0,1600.05,1600.05,320.01,6.0,2024-07-02,2024-07-02,363,363,0.0,Desk,Gift Card,Referral,7
C64516,1,3.0,1517.37,1517.37,505.79,3.0,2023-07-19,2023-07-19,712,712,0.0,Laptop,Debit Card,Referral,0
C64549,1,5.0,1006.1,1006.1,201.22,6.0,2023-08-24,2023-08-24,676,676,0.0,Monitor,Debit Card,Facebook,6
C64554,1,3.0,410.52,410.52,136.84,4.0,2023-08-31,2023-08-31,669,669,0.0,Tablet,Online,Facebook,3
C64579,1,1.0,234.37,234.37,234.37,5.0,2025-02-07,2025-02-07,143,143,0.01,Desk,Debit Card,Email,7
C64638,1,1.0,527.57,527.57,527.57,3.0,2023-02-26,2023-02-26,855,855,0.0,Printer,Debit Card,Facebook,1
C64641,1,5.0,2119.65,2119.65,423.93,5.0,2024-01-07,2024-01-07,540,540,0.0,Tablet,Debit Card,Facebook,5
C64753,1,4.0,1050.08,1050.08,262.52,4.0,2024-08-22,2024-08-22,312,312,0.0,Chair,Debit Card,Instagram,1
C64935,1,1.0,304.11,304.11,304.11,2.0,2024-09-06,2024-09-06,297,297,0.0,Monitor,Gift Card,Referral,6
C65021,1,2.0,809.92,809.92,404.96,4.0,2024-05-04,2024-05-04,422,422,0.0,Phone,Cash,Email,2
C65056,1,4.0,2129.96,2129.96,532.49,6.0,2025-06-21,2025-06-21,9,9,0.1,Tablet,Online,Facebook,3
C65083,1,4.0,2631.16,2631.16,657.79,6.0,2025-02-18,2025-02-18,132,132,0.01,Desk,Credit Card,Google,5
C65107,1,1.0,70.24,70.24,70.24,4.0,2024-09-08,2024-09-08,295,295,0.0,Monitor,Credit Card,Google,6
C65180,1,4.0,858.16,858.16,214.54,7.0,2024-04-04,2024-04-04,452,452,0.0,Tablet,Gift Card,Referral,3
C65251,1,5.0,1168.35,1168.35,233.67,10.0,2024-09-23,2024-09-23,280,280,0.0,Laptop,Cash,Referral,0
C65414,1,2.0,595.42,595.42,297.71,7.0,2025-04-01,2025-04-01,90,90,0.01,Phone,Online,Referral,2
C65497,1,1.0,163.32,163.32,163.32,6.0,2023-11-18,2023-11-18,590,590,0.0,Monitor,Cash,Facebook,6
C65524,1,5.0,1919.1,1919.1,383.82,7.0,2025-01-20,2025-01-20,161,161,0.01,Laptop,Credit Card,Google,0
C65565,1,3.0,402.15,402.15,134.05,3.0,2024-02-13,2024-02-13,503,503,0.0,Desk,Credit Card,Google,7
C65744,1,1.0,582.04,582.04,582.04,1.0,2024-07-30,2024-07-30,335,335,0.0,Phone,Gift Card,Email,2
C65799,1,4.0,2260.8,2260.8,565.2,9.0,2024-01-05,2024-01-05,542,542,0.0,Tablet,Debit Card,Google,5
C65890,1,5.0,1577.85,1577.85,315.57,6.0,2024-01-08,2024-01-08,539,539,0.0,Tablet,Debit Card,Email,3
C65905,1,5.0,950.4,950.4,190.08,9.0,2024-01-17,2024-01-17,530,530,0.0,Laptop,Cash,Instagram,0
C65986,1,5.0,3330.4075,3330.4075,670.48,5.0,2024-07-01,2024-07-01,364,364,0.0,Laptop,Gift Card,Facebook,5
C66078,1,4.0,1101.12,1101.12,275.28,9.0,2023-10-02,2023-10-02,637,637,0.0,Desk,Gift Card,Facebook,7
C66093,1,4.0,2595.64,2595.64,648.91,6.0,2023-06-28,2023-06-28,733,733,0.0,Printer,Credit Card,Instagram,5
C66112,1,4.0,1866.8,1866.8,466.7,8.0,2024-02-23,2024-02-23,493,493,0.0,Desk,Debit Card,Instagram,7
C66116,1,5.0,322.45,322.45,64.49,7.0,2025-03-21,2025-03-21,101,101,0.01,Chair,Online,Facebook,1
C66149,1,4.0,1537.28,1537.28,384.32,6.0,2024-12-13,2024-12-13,199,199,0.0,Desk,Credit Card,Google,7
C66196,1,2.0,796.9,796.9,398.45,7.0,2024-09-28,2024-09-28,275,275,0.0,Phone,Debit Card,Google,2
C66254,1,1.0,515.32,515.32,515.32,1.0,2024-04-20,2024-04-20,436,436,0.0,Chair,Gift Card,Email,1
C66332,1,3.0,1907.94,1907.94,635.98,5.0,2023-03-10,2023-03-10,843,843,0.0,Monitor,Cash,Referral,6
C66349,1,1.0,565.85,565.85,565.85,1.0,2023-03-05,2023-03-05,848,848,0.0,Desk,Gift Card,Facebook,7
C66438,1,1.0,90.27,90.27,90.27,5.0,2024-06-09,2024-06-09,386,386,0.0,Laptop,Cash,Facebook,0
C66462,1,5.0,1739.6,1739.6,347.92,6.0,2023-01-18,2023-01-18,894,894,0.0,Phone,Cash,Google,2
C66521,1,4.0,1600.28,1600.28,400.07,5.0,2024-06-13,2024-06-13,382,382,0.0,Chair,Online,Referral,5
C66567,1,2.0,79.02,79.02,39.51,5.0,2024-06-19,2024-06-19,376,376,0.0,Desk,Online,Facebook,7
C66840,1,4.0,2313.08,2313.08,578.27,9.0,2023-10-15,2023-10-15,624,624,0.0,Tablet,Online,Email,5
C66906,1,2.0,518.64,518.64,259.32,2.0,2024-04-25,2024-04-25,431,431,0.0,Printer,Gift Card,Referral,1
C67195,1,4.0,2306.08,2306.08,576.52,5.0,2023-01-07,2023-01-07,905,905,0.0,Chair,Credit Card,Facebook,5
C67260,1,5.0,3330.4075,3330.4075,678.16,7.0,2023-05-02,2023-05-02,790,790,0.0,Laptop,Gift Card,Facebook,5
C67387,1,5.0,1418.65,1418.65,283.73,8.0,2025-06-05,2025-06-05,25,25,0.04,Phone,Gift Card,Instagram,2
C67528,1,4.0,1185.12,1185.12,296.28,5.0,2024-11-24,2024-11-24,218,218,0.0,Monitor,Gift Card,Email,6
C67533,1,1.0,26.95,26.95,26.95,1.0,2024-03-20,2024-03-20,467,467,0.0,Desk,Cash,Email,7
C67551,1,4.0,1955.12,1955.12,488.78,5.0,2024-05-18,2024-05-18,408,408,0.0,Phone,Online,Google,2
C67561,1,3.0,1660.56,1660.56,553.52,4.0,2023-03-14,2023-03-14,839,839,0.0,Phone,Gift Card,Facebook,2
C67583,1,1.0,338.31,338.31,338.31,3.0,2025-06-10,2025-06-10,20,20,0.05,Phone,Online,Google,2
C67604,1,2.0,279.38,279.38,139.69,7.0,2024-01-22,2024-01-22,525,525,0.0,Desk,Online,Email,7
C67687,1,2.0,868.6,868.6,434.3,7.0,2023-07-09,2023-07-09,722,722,0.0,Chair,Cash,Instagram,1
C67818,1,1.0,442.39,442.39,442.39,6.0,2023-11-23,2023-11-23,585,585,0.0,Laptop,Gift Card,Facebook,0
C67870,1,4.0,1648.8,1648.8,412.2,6.0,2024-02-08,2024-02-08,508,508,0.0,Monitor,Credit Card,Referral,6
C67932,1,3.0,514.98,514.98,171.66,7.0,2024-12-19,2024-12-19,193,193,0.01,Chair,Debit Card,Google,1
C67936,1,2.0,1072.5,1072.5,536.25,3.0,2024-10-16,2024-10-16,257,257,0.0,Tablet,Debit Card,Email,3
C68078,1,2.0,987.76,987.76,493.88,7.0,2023-02-22,2023-02-22,859,859,0.0,Desk,Credit Card,Instagram,7
C68266,1,3.0,1960.89,1960.89,653.63,7.0,2024-07-26,2024-07-26,339,339,0.0,Printer,Online,Email,5
C68508,1,1.0,123.28,123.28,123.28,3.0,2024-07-09,2024-07-09,356,356,0.0,Chair,Credit Card,Email,1
C68553,1,3.0,742.41,742.41,247.47,4.0,2025-03-23,2025-03-23,99,99,0.01,Tablet,Online,Facebook,3
C68609,1,3.0,1330.32,1330.32,443.44,3.0,2024-10-22,2024-10-22,251,251,0.0,Chair,Gift Card,Google,1
C68936,1,3.0,1662.75,1662.75,554.25,6.0,2023-04-14,2023-04-14,808,808,0.0,Tablet,Debit Card,Referral,3
C68937,1,2.0,850.06,850.06,425.03,2.0,2023-02-15,2023-02-15,866,866,0.0,Laptop,Cash,Google,0
C68976,1,5.0,868.25,868.25,173.65,9.0,2025-05-28,2025-05-28,33,33,0.03,Phone,Gift Card,Email,2
C69009,1,5.0,2280.3,2280.3,456.06,10.0,2023-08-07,2023-08-07,693,693,0.0,Printer,Cash,Instagram,5
C69021,1,3.0,1874.52,1874.52,624.84,8.0,2023-03-26,2023-03-26,827,827,0.0,Tablet,Credit Card,Facebook,5
C69149,1,2.0,1062.98,1062.98,531.49,7.0,2023-10-14,2023-10-14,625,625,0.0,Printer,Credit Card,Facebook,1
C69167,1,3.0,165.03,165.03,55.01,7.0,2023-10-20,2023-10-20,619,619,0.0,Chair,Online,Email,1
C69168,1,1.0,21.19,21.19,21.19,5.0,2023-08-21,2023-08-21,679,679,0.0,Tablet,Cash,Google,3
C69213,1,4.0,2579.84,2579.84,644.96,7.0,2024-09-07,2024-09-07,296,296,0.0,Laptop,Credit Card,Email,5
C69332,1,3.0,1695.75,1695.75,565.25,7.0,2023-05-20,2023-05-20,772,772,0.0,Monitor,Debit Card,Email,6
C69396,1,3.0,1808.25,1808.25,602.75,6.0,2025-03-15,2025-03-15,107,107,0.01,Printer,Credit Card,Email,5
C69471,1,4.0,1448.24,1448.24,362.06,4.0,2024-10-11,2024-10-11,262,262,0.0,Tablet,Debit Card,Facebook,3
C69476,1,4.0,996.28,996.28,249.07,5.0,2023-01-10,2023-01-10,902,902,0.0,Phone,Credit Card,Referral,2
C69542,1,1.0,422.54,422.54,422.54,1.0,2024-01-23,2024-01-23,524,524,0.0,Printer,Cash,Google,1
C69994,1,5.0,2332.1,2332.1,466.42,5.0,2025-06-24,2025-06-24,6,6,0.14,Monitor,Gift Card,Referral,6
C70010,1,5.0,1153.85,1153.85,230.77,10.0,2025-06-09,2025-06-09,21,21,0.05,Desk,Online,Referral,7
C70148,1,5.0,2647.75,2647.75,529.55,10.0,2023-07-05,2023-07-05,726,726,0.0,Desk,Gift Card,Facebook,5
C70246,1,3.0,476.22,476.22,158.74,7.0,2023-07-27,2023-07-27,704,704,0.0,Desk,Online,Instagram,7
C70315,1,4.0,2024.44,2024.44,506.11,5.0,2023-11-12,2023-11-12,596,596,0.0,Laptop,Cash,Referral,0
C70352,1,1.0,626.6,626.6,626.6,4.0,2025-02-10,2025-02-10,140,140,0.01,Desk,Gift Card,Facebook,7
C70412,1,4.0,2313.12,2313.12,578.28,5.0,2025-06-18,2025-06-18,12,12,0.08,Laptop,Gift Card,Email,0
C70426,1,2.0,672.64,672.64,336.32,3.0,2025-06-20,2025-06-20,10,10,0.09,Laptop,Online,Google,0
C70437,1,4.0,2620.72,2620.72,655.18,5.0,2023-11-24,2023-11-24,584,584,0.0,Chair,Online,Facebook,5
C70452,1,4.0,1265.28,1265.28,316.32,7.0,2024-06-29,2024-06-29,366,366,0.0,Monitor,Debit Card,Facebook,6
C70492,1,4.0,1984.0,1984.0,496.0,8.0,2025-04-15,2025-04-15,76,76,0.01,Monitor,Online,Google,6
C70495,1,2.0,114.14,114.14,57.07,3.0,2024-06-07,2024-06-07,388,388,0.0,Printer,Debit Card,Instagram,1
C70506,1,1.0,454.23,454.23,454.23,3.0,2023-02-25,2023-02-25,856,856,0.0,Monitor,Gift Card,Facebook,6
C70529,1,1.0,105.92,105.92,105.92,6.0,2023-05-18,2023-05-18,774,774,0.0,Desk,Gift Card,Email,7
C70554,1,3.0,418.35,418.35,139.45,8.0,2025-04-07,2025-04-07,84,84,0.01,Monitor,Gift Card,Google,6
C70566,1,5.0,2682.9,2682.9,536.58,5.0,2023-12-28,2023-12-28,550,550,0.0,Desk,Gift Card,Google,5
C70613,1,5.0,2323.7,2323.7,464.74,7.0,2023-01-20,2023-01-20,892,892,0.0,Laptop,Gift Card,Referral,5
C70633,1,2.0,367.34,367.34,183.67,3.0,2024-04-07,2024-04-07,449,449,0.0,Tablet,Online,Google,3
C70659,2,8.0,1853.96,926.98,285.76,6.5,2023-08-20,2025-03-01,680,121,0.0,Chair,Gift Card,Email,4
C70921,1,2.0,457.08,457.08,228.54,3.0,2023-01-14,2023-01-14,898,898,0.0,Printer,Debit Card,Email,1
C70999,1,2.0,433.32,433.32,216.66,6.0,2024-04-17,2024-04-17,439,439,0.0,Tablet,Debit Card,Instagram,3
C71035,1,1.0,436.77,436.77,436.77,5.0,2024-08-03,2024-08-03,331,331,0.0,Tablet,Cash,Google,3
C71040,1,4.0,1739.4,1739.4,434.85,4.0,2023-03-25,2023-03-25,828,828,0.0,Phone,Credit Card,Google,2
C71076,1,2.0,511.98,511.98,255.99,4.0,2023-11-14,2023-11-14,594,594,0.0,Monitor,Credit Card,Instagram,6
C71122,1,1.0,634.4,634.4,634.4,6.0,2023-04-20,2023-04-20,802,802,0.0,Laptop,Cash,Email,0
C71310,1,5.0,2922.3,2922.3,584.46,8.0,2024-06-07,2024-06-07,388,388,0.0,Printer,Credit Card,Email,5
C71471,1,1.0,595.54,595.54,595.54,4.0,2024-05-15,2024-05-15,411,411,0.0,Chair,Gift Card,Instagram,1
C71473,1,5.0,1709.2,1709.2,341.84,8.0,2024-06-05,2024-06-05,390,390,0.0,Chair,Online,Instagram,5
C71486,1,3.0,1407.96,1407.96,469.32,3.0,2023-08-10,2023-08-10,690,690,0.0,Desk,Debit Card,Google,7
C71570,1,4.0,2137.92,2137.92,534.48,9.0,2024-12-18,2024-12-18,194,194,0.01,Chair,Online,Instagram,5
C71680,1,4.0,2270.28,2270.28,567.57,9.0,2024-06-30,2024-06-30,365,365,0.0,Printer,Debit Card,Google,5
C71698,1,5.0,2446.85,2446.85,489.37,8.0,2025-05-17,2025-05-17,44,44,0.02,Desk,Online,Instagram,5
C71797,1,4.0,1857.16,1857.16,464.29,5.0,2025-05-10,2025-05-10,51,51,0.02,Laptop,Debit Card,Email,0
C71899,1,3.0,2004.99,2004.99,668.33,4.0,2023-09-24,2023-09-24,645,645,0.0,Tablet,Gift Card,Facebook,3
C72007,1,3.0,1298.55,1298.55,432.85,4.0,2024-02-28,2024-02-28,488,488,0.0,Chair,Online,Instagram,1
C72043,1,1.0,394.53,394.53,394.53,2.0,2024-06-04,2024-06-04,391,391,0.0,Desk,Cash,Referral,7
C72166,1,1.0,314.38,314.38,314.38,6.0,2024-02-11,2024-02-11,505,505,0.0,Desk,Online,Google,7
C72241,1,4.0,2709.48,2709.48,677.37,8.0,2023-04-30,2023-04-30,792,792,0.0,Monitor,Cash,Google,5
C72290,1,3.0,556.2,556.2,185.4,7.0,2024-10-24,2024-10-24,249,249,0.0,Printer,Gift Card,Facebook,1
C72293,1,3.0,688.02,688.02,229.34,6.0,2023-11-15,2023-11-15,593,593,0.0,Printer,Credit Card,Referral,1
C72533,1,1.0,376.76,376.76,376.76,5.0,2024-12-16,2024-12-16,196,196,0.01,Printer,Debit Card,Email,1
C72588,1,5.0,1574.7,1574.7,314.94,8.0,2024-05-06,2024-05-06,420,420,0.0,Chair,Cash,Instagram,5
C72596,1,2.0,770.32,770.32,385.16,7.0,2025-01-10,2025-01-10,171,171,0.01,Printer,Online,Email,1
C72649,1,5.0,2853.1,2853.1,570.62,7.0,2023-01-04,2023-01-04,908,908,0.0,Monitor,Debit Card,Instagram,5
C72664,1,1.0,627.15,627.15,627.15,5.0,2024-09-07,2024-09-07,296,296,0.0,Desk,Cash,Instagram,7
C72862,1,1.0,84.8,84.8,84.8,5.0,2023-01-08,2023-01-08,904,904,0.0,Tablet,Gift Card,Instagram,3
C73225,1,2.0,1100.36,1100.36,550.18,3.0,2025-04-21,2025-04-21,70,70,0.01,Phone,Gift Card,Referral,2
C73289,1,3.0,1945.77,1945.77,648.59,4.0,2024-06-06,2024-06-06,389,389,0.0,Chair,Debit Card,Email,5
C73370,1,1.0,44.35,44.35,44.35,1.0,2024-04-27,2024-04-27,429,429,0.0,Laptop,Gift Card,Instagram,0
C73514,1,3.0,1395.15,1395.15,465.05,3.0,2023-09-08,2023-09-08,661,661,0.0,Desk,Credit Card,Email,7
C73575,1,5.0,3219.45,3219.45,643.89,8.0,2023-01-12,2023-01-12,900,900,0.0,Monitor,Cash,Facebook,5
C73587,1,4.0,1632.84,1632.84,408.21,9.0,2023-07-20,2023-07-20,711,711,0.0,Phone,Credit Card,Instagram,2
C73629,1,1.0,265.64,265.64,265.64,3.0,2024-09-22,2024-09-22,281,281,0.0,Desk,Credit Card,Instagram,7
C73813,1,4.0,445.2,445.2,111.3,7.0,2023-03-02,2023-03-02,851,851,0.0,Printer,Debit Card,Email,1
C73873,1,2.0,661.38,661.38,330.69,5.0,2023-06-01,2023-06-01,760,760,0.0,Desk,Online,Google,7
C73893,1,5.0,1638.4,1638.4,327.68,6.0,2023-10-22,2023-10-22,617,617,0.0,Printer,Credit Card,Facebook,1
C73941,1,2.0,1250.44,1250.44,625.22,5.0,2023-03-04,2023-03-04,849,849,0.0,Phone,Online,Google,2
C73961,1,4.0,530.24,530.24,132.56,8.0,2023-07-12,2023-07-12,719,719,0.0,Tablet,Cash,Instagram,3
C73996,1,2.0,287.64,287.64,143.82,6.0,2024-04-13,2024-04-13,443,443,0.0,Tablet,Credit Card,Instagram,3
C73999,1,2.0,375.76,375.76,187.88,4.0,2023-06-04,2023-06-04,757,757,0.0,Tablet,Online,Facebook,3
C74003,1,4.0,1221.28,1221.28,305.32,4.0,2023-03-27,2023-03-27,826,826,0.0,Printer,Online,Google,1
C74005,1,5.0,2240.75,2240.75,448.15,7.0,2023-06-07,2023-06-07,754,754,0.0,Chair,Gift Card,Google,5
C74138,1,2.0,196.94,196.94,98.47,3.0,2023-12-19,2023-12-19,559,559,0.0,Monitor,Cash,Instagram,6
C74169,1,1.0,310.93,310.93,310.93,3.0,2023-01-11,2023-01-11,901,901,0.0,Printer,Online,Facebook,1
C74359,1,5.0,1841.25,1841.25,368.25,5.0,2025-06-24,2025-06-24,6,6,0.14,Laptop,Online,Instagram,0
C74499,1,2.0,744.46,744.46,372.23,7.0,2023-05-18,2023-05-18,774,774,0.0,Desk,Gift Card,Email,7
C74519,1,3.0,945.81,945.81,315.27,4.0,2023-10-23,2023-10-23,616,616,0.0,Phone,Credit Card,Email,2
C74562,1,1.0,220.77,220.77,220.77,5.0,2024-04-21,2024-04-21,435,435,0.0,Tablet,Gift Card,Instagram,3
C74866,1,3.0,1994.37,1994.37,664.79,6.0,2023-02-17,2023-02-17,864,864,0.0,Phone,Online,Facebook,5
C74928,1,2.0,612.48,612.48,306.24,4.0,2024-07-22,2024-07-22,343,343,0.0,Printer,Online,Email,1
C74982,1,5.0,2042.8,2042.8,408.56,8.0,2023-07-08,2023-07-08,723,723,0.0,Laptop,Debit Card,Instagram,5
C75018,1,3.0,2007.18,2007.18,669.06,7.0,2023-05-31,2023-05-31,761,761,0.0,Monitor,Cash,Facebook,6
C75439,1,3.0,344.43,344.43,114.81,7.0,2025-06-05,2025-06-05,25,25,0.04,Desk,Gift Card,Google,7
C75456,1,3.0,276.66,276.66,92.22,5.0,2024-06-23,2024-06-23,372,372,0.0,Monitor,Credit Card,Email,6
C75619,1,2.0,742.58,742.58,371.29,5.0,2023-10-07,2023-10-07,632,632,0.0,Printer,Gift Card,Facebook,1
C75739,1,2.0,302.7,302.7,151.35,3.0,2024-08-23,2024-08-23,311,311,0.0,Phone,Online,Referral,2
C75888,1,3.0,1346.7,1346.7,448.9,7.0,2023-12-11,2023-12-11,567,567,0.0,Printer,Debit Card,Instagram,1
C76140,1,4.0,826.4,826.4,206.6,6.0,2023-06-05,2023-06-05,756,756,0.0,Phone,Gift Card,Referral,2
C76207,1,5.0,2606.25,2606.25,521.25,8.0,2023-04-23,2023-04-23,799,799,0.0,Laptop,Cash,Email,5
C76362,1,3.0,709.5,709.5,236.5,8.0,2024-01-01,2024-01-01,546,546,0.0,Chair,Online,Email,1
C76653,1,4.0,1539.4,1539.4,384.85,9.0,2023-03-09,2023-03-09,844,844,0.0,Printer,Online,Instagram,1
C76675,1,3.0,1991.79,1991.79,663.93,6.0,2023-10-06,2023-10-06,633,633,0.0,Laptop,Gift Card,Email,0
C76700,1,2.0,623.82,623.82,311.91,2.0,2025-03-10,2025-03-10,112,112,0.01,Tablet,Online,Facebook,3
C76761,1,4.0,470.04,470.04,117.51,7.0,2023-03-24,2023-03-24,829,829,0.0,Printer,Debit Card,Referral,1
C76766,1,4.0,2512.48,2512.48,628.12,6.0,2024-07-16,2024-07-16,349,349,0.0,Phone,Online,Instagram,5
C76929,1,1.0,356.81,356.81,356.81,1.0,2023-10-13,2023-10-13,626,626,0.0,Desk,Online,Instagram,7
C77046,1,4.0,741.64,741.64,185.41,9.0,2023-01-22,2023-01-22,890,890,0.0,Tablet,Online,Google,3
C77085,1,4.0,1050.32,1050.32,262.58,8.0,2024-11-26,2024-11-26,216,216,0.0,Chair,Online,Email,1
C77122,1,1.0,438.37,438.37,438.37,4.0,2024-08-26,2024-08-26,308,308,0.0,Laptop,Cash,Referral,0
C77166,1,3.0,741.33,741.33,247.11,3.0,2024-05-09,2024-05-09,417,417,0.0,Laptop,Debit Card,Referral,0
C77272,1,5.0,2492.4,2492.4,498.48,8.0,2025-01-27,2025-01-27,154,154,0.01,Monitor,Online,Google,5
C77344,1,1.0,343.31,343.31,343.31,6.0,2024-07-08,2024-07-08,357,357,0.0,Chair,Gift Card,Google,1
C77357,1,1.0,474.6,474.6,474.6,4.0,2025-02-22,2025-02-22,128,128,0.01,Phone,Debit Card,Email,2
C77363,1,1.0,96.81,96.81,96.81,3.0,2024-03-08,2024-03-08,479,479,0.0,Phone,Gift Card,Referral,2
C77499,1,3.0,547.44,547.44,182.48,3.0,2023-07-08,2023-07-08,723,723,0.0,Laptop,Cash,Instagram,0
C77736,1,2.0,798.08,798.08,399.04,3.0,2025-01-02,2025-01-02,179,179,0.01,Chair,Cash,Referral,1
C77763,1,3.0,1508.31,1508.31,502.77,8.0,2023-05-29,2023-05-29,763,763,0.0,Tablet,Debit Card,Email,3
C77800,1,3.0,1378.02,1378.02,459.34,3.0,2025-01-03,2025-01-03,178,178,0.01,Tablet,Gift Card,Instagram,3
C77872,1,2.0,1027.18,1027.18,513.59,4.0,2024-01-15,2024-01-15,532,532,0.0,Phone,Online,Referral,2
C77961,1,3.0,1087.59,1087.59,362.53,5.0,2025-03-15,2025-03-15,107,107,0.01,Tablet,Debit Card,Facebook,3
C78170,1,5.0,341.7,341.7,68.34,6.0,2025-02-08,2025-02-08,142,142,0.01,Chair,Debit Card,Referral,1
C78305,1,3.0,1092.42,1092.42,364.14,7.0,2025-05-07,2025-05-07,54,54,0.02,Laptop,Online,Referral,0
C78500,1,5.0,2512.35,2512.35,502.47,10.0,2024-12-20,2024-12-20,192,192,0.01,Monitor,Online,Email,5
C78684,1,3.0,1765.32,1765.32,588.44,8.0,2024-05-20,2024-05-20,406,406,0.0,Chair,Gift Card,Google,5
C78724,1,3.0,1266.39,1266.39,422.13,7.0,2023-04-15,2023-04-15,807,807,0.0,Printer,Online,Facebook,1
C78725,1,4.0,1880.36,1880.36,470.09,4.0,2025-06-01,2025-06-01,29,29,0.03,Phone,Debit Card,Google,2
C78959,1,2.0,632.4,632.4,316.2,2.0,2023-06-06,2023-06-06,755,755,0.0,Phone,Online,Instagram,2
C79142,1,1.0,569.96,569.96,569.96,4.0,2023-04-06,2023-04-06,816,816,0.0,Laptop,Online,Email,0
C79475,1,5.0,2542.95,2542.95,508.59,8.0,2024-04-07,2024-04-07,449,449,0.0,Laptop,Cash,Facebook,5
C79506,1,2.0,746.34,746.34,373.17,6.0,2023-07-18,2023-07-18,713,713,0.0,Laptop,Credit Card,Referral,0
C79508,1,1.0,135.17,135.17,135.17,6.0,2024-06-08,2024-06-08,387,387,0.0,Printer,Online,Instagram,1
C79533,1,5.0,3008.6,3008.6,601.72,5.0,2024-04-10,2024-04-10,446,446,0.0,Laptop,Gift Card,Instagram,5
C79674,1,2.0,873.68,873.68,436.84,2.0,2023-07-13,2023-07-13,718,718,0.0,Tablet,Online,Instagram,3
C79722,1,5.0,1382.2,1382.2,276.44,10.0,2023-08-20,2023-08-20,680,680,0.0,Tablet,Gift Card,Referral,3
C79821,1,1.0,531.18,531.18,531.18,6.0,2023-02-11,2023-02-11,870,870,0.0,Chair,Gift Card,Instagram,1
C79842,1,4.0,945.64,945.64,236.41,7.0,2024-11-26,2024-11-26,216,216,0.0,Printer,Debit Card,Google,1
C79909,1,2.0,137.62,137.62,68.81,5.0,2023-08-04,2023-08-04,696,696,0.0,Printer,Gift Card,Referral,1
C80004,1,3.0,2052.42,2052.42,684.14,3.0,2023-11-18,2023-11-18,590,590,0.0,Printer,Cash,Instagram,5
C80135,1,5.0,1107.55,1107.55,221.51,5.0,2023-08-27,2023-08-27,673,673,0.0,Laptop,Cash,Referral,0
C80151,1,4.0,1723.32,1723.32,430.83,8.0,2025-06-28,2025-06-28,2,2,0.33,Tablet,Gift Card,Referral,3
C80183,1,1.0,365.57,365.57,365.57,5.0,2023-12-12,2023-12-12,566,566,0.0,Laptop,Online,Email,0
C80223,1,4.0,2651.76,2651.76,662.94,8.0,2025-04-04,2025-04-04,87,87,0.01,Desk,Cash,Instagram,5
C80416,1,5.0,1087.15,1087.15,217.43,10.0,2024-04-09,2024-04-09,447,447,0.0,Desk,Debit Card,Instagram,7
C80649,1,1.0,312.11,312.11,312.11,4.0,2025-05-03,2025-05-03,58,58,0.02,Phone,Online,Facebook,2
C80651,1,3.0,1194.51,1194.51,398.17,5.0,2023-09-26,2023-09-26,643,643,0.0,Tablet,Debit Card,Email,3
C80735,1,2.0,130.14,130.14,65.07,4.0,2023-11-04,2023-11-04,604,604,0.0,Chair,Credit Card,Google,1
C80868,1,3.0,1420.47,1420.47,473.49,7.0,2023-05-17,2023-05-17,775,775,0.0,Monitor,Credit Card,Email,6
C80872,1,5.0,1984.3,1984.3,396.86,9.0,2024-08-13,2024-08-13,321,321,0.0,Desk,Cash,Instagram,7
C80987,1,1.0,132.05,132.05,132.05,2.0,2025-03-07,2025-03-07,115,115,0.01,Laptop,Online,Google,0
C81074,1,1.0,157.72,157.72,157.72,2.0,2024-02-22,2024-02-22,494,494,0.0,Desk,Debit Card,Google,7
C81192,1,3.0,1939.02,1939.02,646.34,5.0,2024-11-12,2024-11-12,230,230,0.0,Chair,Debit Card,Google,5
C81319,1,5.0,1342.15,1342.15,268.43,5.0,2025-03-22,2025-03-22,100,100,0.01,Printer,Cash,Email,1
C81366,1,1.0,410.6,410.6,410.6,2.0,2023-01-01,2023-01-01,911,911,0.0,Monitor,Online,Referral,6
C81370,1,5.0,2532.25,2532.25,506.45,7.0,2024-12-26,2024-12-26,186,186,0.01,Monitor,Gift Card,Google,5
C81547,1,2.0,510.52,510.52,255.26,6.0,2024-01-26,2024-01-26,521,521,0.0,Phone,Credit Card,Google,2
C81573,1,1.0,36.65,36.65,36.65,1.0,2024-12-05,2024-12-05,207,207,0.0,Chair,Online,Email,1
C81726,1,4.0,2161.36,2161.36,540.34,6.0,2023-06-23,2023-06-23,738,738,0.0,Chair,Gift Card,Referral,5
C81728,1,5.0,2753.4,2753.4,550.68,8.0,2024-02-27,2024-02-27,489,489,0.0,Tablet,Credit Card,Email,5
C81840,1,4.0,2504.04,2504.04,626.01,8.0,2025-05-08,2025-05-08,53,53,0.02,Printer,Online,Email,5
C81857,1,2.0,1127.64,1127.64,563.82,3.0,2024-06-17,2024-06-17,378,378,0.0,Desk,Credit Card,Instagram,7
C81882,1,3.0,463.92,463.92,154.64,6.0,2023-11-09,2023-11-09,599,599,0.0,Chair,Debit Card,Facebook,1
C82068,1,1.0,408.13,408.13,408.13,3.0,2023-01-23,2023-01-23,889,889,0.0,Chair,Gift Card,Instagram,1
C82217,1,4.0,1717.48,1717.48,429.37,8.0,2024-10-03,2024-10-03,270,270,0.0,Phone,Credit Card,Google,2
C82313,1,3.0,197.58,197.58,65.86,8.0,2023-07-27,2023-07-27,704,704,0.0,Chair,Online,Google,1
C82318,1,1.0,528.06,528.06,528.06,2.0,2024-02-25,2024-02-25,491,491,0.0,Phone,Credit Card,Facebook,2
C82344,1,3.0,2028.63,2028.63,676.21,5.0,2024-11-10,2024-11-10,232,232,0.0,Monitor,Online,Google,6
C82399,1,1.0,158.68,158.68,158.68,6.0,2024-03-01,2024-03-01,486,486,0.0,Monitor,Credit Card,Instagram,6
C82550,1,2.0,667.66,667.66,333.83,4.0,2023-08-23,2023-08-23,677,677,0.0,Phone,Gift Card,Referral,2
C82685,1,3.0,475.98,475.98,158.66,7.0,2023-05-13,2023-05-13,779,779,0.0,Desk,Gift Card,Email,7
C82781,1,4.0,109.68,109.68,27.42,4.0,2023-04-20,2023-04-20,802,802,0.0,Monitor,Debit Card,Referral,6
C82858,1,3.0,593.91,593.91,197.97,5.0,2023-08-24,2023-08-24,676,676,0.0,Chair,Online,Google,1
C82921,1,1.0,208.36,208.36,208.36,4.0,2024-10-04,2024-10-04,269,269,0.0,Monitor,Online,Email,6
C82990,1,2.0,300.1,300.1,150.05,4.0,2023-01-02,2023-01-02,910,910,0.0,Laptop,Credit Card,Facebook,0
C83026,1,5.0,1686.9,1686.9,337.38,5.0,2023-04-09,2023-04-09,813,813,0.0,Printer,Gift Card,Referral,1
C83223,1,4.0,650.84,650.84,162.71,7.0,2024-04-18,2024-04-18,438,438,0.0,Phone,Cash,Email,2
C83492,1,1.0,664.42,664.42,664.42,6.0,2025-06-17,2025-06-17,13,13,0.07,Laptop,Gift Card,Facebook,0
C83548,1,1.0,144.25,144.25,144.25,2.0,2024-10-06,2024-10-06,267,267,0.0,Laptop,Cash,Referral,0
C83556,1,4.0,1059.16,1059.16,264.79,5.0,2024-02-03,2024-02-03,513,513,0.0,Printer,Credit Card,Google,1
C83653,1,4.0,925.04,925.04,231.26,6.0,2023-05-02,2023-05-02,790,790,0.0,Tablet,Online,Google,3
C83911,1,4.0,2799.52,2799.52,699.88,5.0,2025-06-19,2025-06-19,11,11,0.08,Tablet,Cash,Referral,5
C84041,1,2.0,1001.6,1001.6,500.8,3.0,2025-02-10,2025-02-10,140,140,0.01,Laptop,Cash,Referral,0
C84115,1,3.0,1362.87,1362.87,454.29,4.0,2024-06-13,2024-06-13,382,382,0.0,Chair,Credit Card,Google,1
C84134,1,4.0,2772.28,2772.28,693.07,8.0,2025-03-23,2025-03-23,99,99,0.01,Laptop,Online,Instagram,5
C84320,1,3.0,208.95,208.95,69.65,7.0,2023-10-14,2023-10-14,625,625,0.0,Chair,Cash,Instagram,1
C84329,1,1.0,431.44,431.44,431.44,3.0,2025-03-26,2025-03-26,96,96,0.01,Desk,Gift Card,Facebook,7
C84331,1,5.0,3223.2,3223.2,644.64,6.0,2024-02-17,2024-02-17,499,499,0.0,Chair,Gift Card,Email,5
C84480,1,5.0,2342.55,2342.55,468.51,9.0,2025-04-17,2025-04-17,74,74,0.01,Chair,Debit Card,Facebook,5
C84524,1,4.0,2071.92,2071.92,517.98,8.0,2024-06-16,2024-06-16,379,379,0.0,Printer,Cash,Facebook,5
C84563,1,2.0,472.66,472.66,236.33,3.0,2024-04-10,2024-04-10,446,446,0.0,Printer,Online,Instagram,1
C84570,1,4.0,120.2,120.2,30.05,6.0,2024-12-03,2024-12-03,209,209,0.0,Printer,Online,Facebook,1
C84630,1,5.0,2592.75,2592.75,518.55,6.0,2023-01-08,2023-01-08,904,904,0.0,Laptop,Credit Card,Instagram,5
C84645,1,2.0,822.98,822.98,411.49,4.0,2025-04-30,2025-04-30,61,61,0.02,Tablet,Credit Card,Instagram,3
C84700,1,5.0,1599.85,1599.85,319.97,7.0,2023-01-11,2023-01-11,901,901,0.0,Printer,Cash,Google,1
C84766,1,2.0,688.04,688.04,344.02,4.0,2023-08-20,2023-08-20,680,680,0.0,Desk,Online,Instagram,7
C84834,1,3.0,409.02,409.02,136.34,8.0,2024-03-27,2024-03-27,460,460,0.0,Tablet,Debit Card,Referral,3
C84888,1,1.0,51.73,51.73,51.73,1.0,2023-04-21,2023-04-21,801,801,0.0,Laptop,Debit Card,Facebook,0
C84908,1,1.0,420.26,420.26,420.26,4.0,2025-01-28,2025-01-28,153,153,0.01,Phone,Credit Card,Facebook,2
C85018,1,3.0,824.25,824.25,274.75,3.0,2024-11-06,2024-11-06,236,236,0.0,Laptop,Cash,Google,0
C85059,1,4.0,987.4,987.4,246.85,8.0,2023-04-28,2023-04-28,794,794,0.0,Laptop,Credit Card,Google,0
C85074,1,4.0,934.8,934.8,233.7,8.0,2025-03-12,2025-03-12,110,110,0.01,Laptop,Online,Facebook,0
C85282,1,5.0,3143.7,3143.7,628.74,9.0,2023-11-24,2023-11-24,584,584,0.0,Phone,Cash,Facebook,5
C85322,1,3.0,813.06,813.06,271.02,6.0,2023-05-01,2023-05-01,791,791,0.0,Monitor,Credit Card,Google,6
C85330,1,5.0,1140.45,1140.45,228.09,9.0,2025-03-02,2025-03-02,120,120,0.01,Desk,Gift Card,Facebook,7
C85421,1,3.0,1641.45,1641.45,547.15,4.0,2024-10-07,2024-10-07,266,266,0.0,Tablet,Online,Instagram,3
C85466,1,3.0,441.87,441.87,147.29,3.0,2024-10-18,2024-10-18,255,255,0.0,Desk,Gift Card,Google,7
C85520,1,4.0,1862.64,1862.64,465.66,9.0,2023-09-07,2023-09-07,662,662,0.0,Phone,Online,Email,2
C85841,1,4.0,2597.88,2597.88,649.47,8.0,2023-01-28,2023-01-28,884,884,0.0,Chair,Cash,Google,5
C85863,1,3.0,397.44,397.44,132.48,4.0,2024-02-24,2024-02-24,492,492,0.0,Printer,Online,Referral,1
C85929,1,3.0,440.73,440.73,146.91,6.0,2024-03-02,2024-03-02,485,485,0.0,Printer,Credit Card,Google,1
C85993,1,4.0,2189.28,2189.28,547.32,8.0,2023-08-13,2023-08-13,687,687,0.0,Tablet,Cash,Instagram,5
C86064,1,3.0,834.12,834.12,278.04,5.0,2023-07-06,2023-07-06,725,725,0.0,Desk,Online,Instagram,7
C86266,1,4.0,1618.32,1618.32,404.58,5.0,2024-07-24,2024-07-24,341,341,0.0,Chair,Cash,Instagram,5
C86374,1,5.0,1363.85,1363.85,272.77,7.0,2023-09-06,2023-09-06,663,663,0.0,Desk,Cash,Email,7
C86408,1,4.0,84.28,84.28,21.07,4.0,2023-02-17,2023-02-17,864,864,0.0,Tablet,Gift Card,Google,3
C86481,1,1.0,171.59,171.59,171.59,5.0,2023-07-05,2023-07-05,726,726,0.0,Phone,Credit Card,Email,2
C86524,1,2.0,732.46,732.46,366.23,2.0,2023-11-15,2023-11-15,593,593,0.0,Chair,Cash,Email,1
C86762,1,5.0,2043.65,2043.65,408.73,10.0,2024-10-18,2024-10-18,255,255,0.0,Monitor,Gift Card,Instagram,5
C86773,1,4.0,789.44,789.44,197.36,9.0,2023-06-09,2023-06-09,752,752,0.0,Phone,Gift Card,Instagram,2
C86864,1,2.0,92.72,92.72,46.36,4.0,2025-04-18,2025-04-18,73,73,0.01,Printer,Gift Card,Google,1
C87011,1,4.0,101.16,101.16,25.29,8.0,2023-02-18,2023-02-18,863,863,0.0,Monitor,Credit Card,Google,6
C87051,1,1.0,72.31,72.31,72.31,1.0,2023-05-26,2023-05-26,766,766,0.0,Printer,Gift Card,Facebook,1
C87124,1,1.0,198.51,198.51,198.51,5.0,2024-04-16,2024-04-16,440,440,0.0,Phone,Credit Card,Instagram,2
C87181,1,4.0,2619.16,2619.16,654.79,9.0,2023-07-27,2023-07-27,704,704,0.0,Desk,Cash,Referral,5
C87216,1,5.0,1580.35,1580.35,316.07,10.0,2023-03-18,2023-03-18,835,835,0.0,Tablet,Cash,Google,3
C87281,1,5.0,3243.25,3243.25,648.65,7.0,2024-01-29,2024-01-29,518,518,0.0,Laptop,Online,Referral,5
C87432,1,4.0,1208.2,1208.2,302.05,6.0,2025-06-20,2025-06-20,10,10,0.09,Chair,Debit Card,Google,1
C87448,1,1.0,450.07,450.07,450.07,6.0,2023-06-07,2023-06-07,754,754,0.0,Phone,Gift Card,Google,2
C87524,1,1.0,625.0,625.0,625.0,5.0,2025-01-23,2025-01-23,158,158,0.01,Phone,Online,Google,2
C87529,1,4.0,987.64,987.64,246.91,8.0,2025-06-09,2025-06-09,21,21,0.05,Chair,Online,Referral,1
C87547,1,4.0,380.12,380.12,95.03,8.0,2025-01-16,2025-01-16,165,165,0.01,Monitor,Online,Facebook,6
C87687,1,3.0,1137.21,1137.21,379.07,3.0,2023-12-11,2023-12-11,567,567,0.0,Laptop,Gift Card,Google,0
C87764,1,2.0,206.82,206.82,103.41,2.0,2024-02-26,2024-02-26,490,490,0.0,Tablet,Online,Referral,3
C87777,1,2.0,816.64,816.64,408.32,3.0,2024-10-08,2024-10-08,265,265,0.0,Desk,Online,Facebook,7
C87994,1,4.0,2392.76,2392.76,598.19,7.0,2023-10-05,2023-10-05,634,634,0.0,Chair,Credit Card,Email,5
C87995,1,4.0,1925.92,1925.92,481.48,5.0,2024-09-03,2024-09-03,300,300,0.0,Laptop,Gift Card,Instagram,0
C88029,1,5.0,3277.75,3277.75,655.55,5.0,2025-06-14,2025-06-14,16,16,0.06,Chair,Online,Email,5
C88036,1,5.0,1571.35,1571.35,314.27,6.0,2023-01-22,2023-01-22,890,890,0.0,Printer,Cash,Instagram,1
C88075,1,5.0,2651.7,2651.7,530.34,9.0,2024-03-11,2024-03-11,476,476,0.0,Chair,Online,Google,5
C88174,1,1.0,18.2,18.2,18.2,4.0,2023-12-29,2023-12-29,549,549,0.0,Laptop,Debit Card,Instagram,0
C88205,1,5.0,3215.15,3215.15,643.03,5.0,2024-06-19,2024-06-19,376,376,0.0,Printer,Online,Referral,5
C88304,1,2.0,768.28,768.28,384.14,2.0,2023-05-27,2023-05-27,765,765,0.0,Chair,Online,Email,1
C88348,1,3.0,604.47,604.47,201.49,4.0,2023-08-30,2023-08-30,670,670,0.0,Laptop,Credit Card,Facebook,0
C88370,1,2.0,279.9,279.9,139.95,5.0,2023-04-10,2023-04-10,812,812,0.0,Monitor,Online,Instagram,6
C88371,1,4.0,1132.64,1132.64,283.16,6.0,2024-12-25,2024-12-25,187,187,0.01,Chair,Credit Card,Google,1
C88463,1,5.0,2539.7,2539.7,507.94,9.0,2023-02-16,2023-02-16,865,865,0.0,Desk,Online,Facebook,5
C88546,1,4.0,813.84,813.84,203.46,7.0,2024-02-04,2024-02-04,512,512,0.0,Desk,Credit Card,Referral,7
C88644,1,1.0,392.61,392.61,392.61,4.0,2023-02-26,2023-02-26,855,855,0.0,Monitor,Gift Card,Referral,6
C88645,1,3.0,1751.16,1751.16,583.72,5.0,2024-03-14,2024-03-14,473,473,0.0,Monitor,Credit Card,Facebook,6
C88775,1,5.0,1989.05,1989.05,397.81,5.0,2023-08-20,2023-08-20,680,680,0.0,Monitor,Debit Card,Referral,6
C88933,1,1.0,92.04,92.04,92.04,2.0,2023-01-07,2023-01-07,905,905,0.0,Tablet,Cash,Facebook,3
C88981,1,4.0,2445.04,2445.04,611.26,5.0,2023-02-03,2023-02-03,878,878,0.0,Printer,Cash,Referral,5
C89336,1,1.0,92.79,92.79,92.79,3.0,2023-03-22,2023-03-22,831,831,0.0,Desk,Cash,Email,7
C89559,1,2.0,662.84,662.84,331.42,6.0,2023-04-08,2023-04-08,814,814,0.0,Laptop,Credit Card,Google,0
C89592,1,5.0,2547.9,2547.9,509.58,6.0,2023-10-18,2023-10-18,621,621,0.0,Laptop,Online,Instagram,5
C89674,1,2.0,1151.66,1151.66,575.83,3.0,2025-01-18,2025-01-18,163,163,0.01,Monitor,Online,Referral,6
C89732,1,1.0,406.22,406.22,406.22,5.0,2024-04-23,2024-04-23,433,433,0.0,Phone,Credit Card,Referral,2
C89822,1,1.0,410.78,410.78,410.78,1.0,2023-11-30,2023-11-30,578,578,0.0,Desk,Cash,Instagram,7
C89979,1,5.0,3170.0,3170.0,634.0,8.0,2024-06-20,2024-06-20,375,375,0.0,Phone,Gift Card,Email,5
C90110,1,1.0,418.36,418.36,418.36,5.0,2025-06-21,2025-06-21,9,9,0.1,Phone,Credit Card,Email,2
C90132,1,5.0,1304.65,1304.65,260.93,9.0,2023-06-21,2023-06-21,740,740,0.0,Printer,Online,Email,1
C90142,1,1.0,334.39,334.39,334.39,2.0,2024-07-24,2024-07-24,341,341,0.0,Desk,Credit Card,Instagram,7
C90292,1,4.0,1105.28,1105.28,276.32,5.0,2023-04-24,2023-04-24,798,798,0.0,Laptop,Online,Google,0
C90310,1,4.0,762.56,762.56,190.64,5.0,2024-12-11,2024-12-11,201,201,0.0,Tablet,Cash,Email,3
C90318,1,2.0,1259.12,1259.12,629.56,5.0,2025-02-04,2025-02-04,146,146,0.01,Desk,Gift Card,Instagram,7
C90348,1,4.0,899.0,899.0,224.75,7.0,2024-03-26,2024-03-26,461,461,0.0,Chair,Online,Facebook,1
C90350,1,2.0,367.34,367.34,183.67,6.0,2023-05-19,2023-05-19,773,773,0.0,Phone,Debit Card,Google,2
C90363,1,5.0,3044.55,3044.55,608.91,6.0,2024-06-09,2024-06-09,386,386,0.0,Chair,Gift Card,Google,5
C90431,1,2.0,844.68,844.68,422.34,4.0,2025-06-23,2025-06-23,7,7,0.12,Laptop,Credit Card,Instagram,0
C90573,1,1.0,438.93,438.93,438.93,3.0,2023-07-24,2023-07-24,707,707,0.0,Tablet,Gift Card,Referral,3
C90595,1,5.0,391.45,391.45,78.29,5.0,2025-03-14,2025-03-14,108,108,0.01,Phone,Credit Card,Referral,2
C90612,1,3.0,1103.25,1103.25,367.75,7.0,2024-01-29,2024-01-29,518,518,0.0,Chair,Cash,Facebook,1
C90757,1,4.0,1979.36,1979.36,494.84,8.0,2023-12-04,2023-12-04,574,574,0.0,Tablet,Cash,Email,5
C90852,1,3.0,1725.03,1725.03,575.01,8.0,2023-05-23,2023-05-23,769,769,0.0,Tablet,Online,Instagram,3
C90898,1,5.0,1491.95,1491.95,298.39,7.0,2024-08-04,2024-08-04,330,330,0.0,Desk,Gift Card,Referral,7
C90993,1,4.0,153.12,153.12,38.28,4.0,2024-06-08,2024-06-08,387,387,0.0,Desk,Debit Card,Facebook,7
C91029,1,4.0,2131.48,2131.48,532.87,9.0,2024-01-03,2024-01-03,544,544,0.0,Phone,Cash,Instagram,5
C91099,1,2.0,1025.3,1025.3,512.65,5.0,2024-11-06,2024-11-06,236,236,0.0,Phone,Credit Card,Email,2
C91103,1,4.0,1023.44,1023.44,255.86,7.0,2023-06-17,2023-06-17,744,744,0.0,Monitor,Credit Card,Email,6
C91123,1,4.0,1202.24,1202.24,300.56,9.0,2025-04-26,2025-04-26,65,65,0.02,Laptop,Cash,Facebook,0
C91155,2,6.0,704.8199999999999,352.40999999999997,129.01,6.5,2023-07-17,2024-09-08,714,295,0.0,Printer,Credit Card,Email,4
C91201,1,2.0,93.0,93.0,46.5,7.0,2024-02-29,2024-02-29,487,487,0.0,Desk,Cash,Google,7
C91245,1,3.0,675.33,675.33,225.11,4.0,2024-10-10,2024-10-10,263,263,0.0,Tablet,Cash,Facebook,3
C91255,1,5.0,851.1,851.1,170.22,8.0,2024-04-15,2024-04-15,441,441,0.0,Chair,Debit Card,Referral,1
C91454,1,2.0,557.76,557.76,278.88,3.0,2023-01-22,2023-01-22,890,890,0.0,Printer,Debit Card,Referral,1
C91486,1,4.0,268.32,268.32,67.08,8.0,2023-08-20,2023-08-20,680,680,0.0,Tablet,Cash,Google,3
C91518,1,3.0,759.15,759.15,253.05,3.0,2024-08-26,2024-08-26,308,308,0.0,Tablet,Online,Instagram,3
C91582,1,3.0,1949.79,1949.79,649.93,7.0,2023-02-11,2023-02-11,870,870,0.0,Printer,Credit Card,Facebook,5
C91591,1,4.0,2609.92,2609.92,652.48,5.0,2025-05-18,2025-05-18,43,43,0.02,Desk,Cash,Instagram,5
C91805,1,3.0,1819.23,1819.23,606.41,7.0,2023-06-12,2023-06-12,749,749,0.0,Desk,Debit Card,Facebook,7
C91941,1,3.0,1188.0,1188.0,396.0,4.0,2023-06-16,2023-06-16,745,745,0.0,Printer,Gift Card,Instagram,1
C92049,1,4.0,2666.08,2666.08,666.52,8.0,2023-10-02,2023-10-02,637,637,0.0,Printer,Cash,Email,5
C92086,1,2.0,749.2,749.2,374.6,3.0,2025-02-07,2025-02-07,143,143,0.01,Printer,Online,Referral,1
C92180,1,2.0,977.8,977.8,488.9,7.0,2023-10-31,2023-10-31,608,608,0.0,Chair,Cash,Facebook,1
C92294,1,4.0,1225.4,1225.4,306.35,7.0,2024-09-29,2024-09-29,274,274,0.0,Chair,Gift Card,Referral,1
C92407,1,3.0,1672.23,1672.23,557.41,4.0,2023-07-01,2023-07-01,730,730,0.0,Laptop,Online,Email,0
C92548,1,5.0,1132.25,1132.25,226.45,6.0,2024-02-04,2024-02-04,512,512,0.0,Tablet,Debit Card,Email,3
C92575,1,5.0,2464.7,2464.7,492.94,10.0,2024-09-30,2024-09-30,273,273,0.0,Chair,Cash,Email,5
C92788,1,1.0,243.71,243.71,243.71,6.0,2024-07-20,2024-07-20,345,345,0.0,Desk,Gift Card,Google,7
C93007,1,2.0,465.66,465.66,232.83,7.0,2024-06-01,2024-06-01,394,394,0.0,Phone,Gift Card,Instagram,2
C93175,1,4.0,58.76,58.76,14.69,9.0,2025-05-15,2025-05-15,46,46,0.02,Monitor,Cash,Email,6
C93220,1,2.0,730.34,730.34,365.17,4.0,2023-11-02,2023-11-02,606,606,0.0,Monitor,Online,Facebook,6
C93276,1,5.0,1652.25,1652.25,330.45,10.0,2023-03-19,2023-03-19,834,834,0.0,Desk,Gift Card,Google,7
C93309,1,5.0,1821.4,1821.4,364.28,5.0,2025-04-08,2025-04-08,83,83,0.01,Desk,Credit Card,Google,7
C93375,1,3.0,446.16,446.16,148.72,7.0,2024-07-27,2024-07-27,338,338,0.0,Chair,Debit Card,Google,1
C93379,1,3.0,128.85,128.85,42.95,8.0,2023-04-05,2023-04-05,817,817,0.0,Desk,Gift Card,Email,7
C93467,1,4.0,2219.32,2219.32,554.83,6.0,2024-05-21,2024-05-21,405,405,0.0,Laptop,Cash,Google,0
C93473,1,5.0,3196.85,3196.85,639.37,6.0,2024-02-23,2024-02-23,493,493,0.0,Tablet,Debit Card,Google,5
C93618,1,3.0,603.63,603.63,201.21,3.0,2025-03-14,2025-03-14,108,108,0.01,Printer,Online,Google,1
C93768,1,3.0,972.9,972.9,324.3,8.0,2024-05-16,2024-05-16,410,410,0.0,Tablet,Debit Card,Email,3
C93821,1,3.0,1075.44,1075.44,358.48,7.0,2024-12-05,2024-12-05,207,207,0.0,Chair,Gift Card,Facebook,1
C93861,1,3.0,147.42,147.42,49.14,7.0,2024-02-17,2024-02-17,499,499,0.0,Monitor,Online,Email,6
C93948,1,3.0,336.87,336.87,112.29,6.0,2024-10-24,2024-10-24,249,249,0.0,Printer,Gift Card,Google,1
C94037,1,2.0,510.28,510.28,255.14,2.0,2025-06-24,2025-06-24,6,6,0.14,Phone,Cash,Google,2
C94248,1,1.0,64.66,64.66,64.66,4.0,2025-02-15,2025-02-15,135,135,0.01,Laptop,Debit Card,Instagram,0
C94257,1,2.0,1394.38,1394.38,697.19,7.0,2023-08-03,2023-08-03,697,697,0.0,Printer,Cash,Email,1
C94311,1,4.0,2740.8,2740.8,685.2,6.0,2024-07-20,2024-07-20,345,345,0.0,Printer,Gift Card,Google,5
C94323,1,5.0,379.05,379.05,75.81,10.0,2025-06-30,2025-06-30,0,0,1.0,Chair,Gift Card,Instagram,3
C94381,1,2.0,1216.08,1216.08,608.04,4.0,2023-01-29,2023-01-29,883,883,0.0,Chair,Cash,Google,1
C94479,1,5.0,314.05,314.05,62.81,9.0,2023-06-26,2023-06-26,735,735,0.0,Desk,Credit Card,Facebook,7
C94508,1,4.0,176.28,176.28,44.07,6.0,2024-06-28,2024-06-28,367,367,0.0,Monitor,Debit Card,Email,6
C94568,1,4.0,1939.4,1939.4,484.85,5.0,2023-04-23,2023-04-23,799,799,0.0,Laptop,Debit Card,Referral,0
C94569,2,3.0,1675.3500000000001,837.6750000000001,540.64,2.5,2024-03-23,2024-06-21,464,374,0.0,Phone,Cash,Google,4
C94595,1,4.0,247.64,247.64,61.91,6.0,2023-12-16,2023-12-16,562,562,0.0,Desk,Gift Card,Email,7
C94658,1,2.0,886.44,886.44,443.22,5.0,2024-09-19,2024-09-19,284,284,0.0,Printer,Credit Card,Facebook,1
C94671,1,1.0,167.15,167.15,167.15,5.0,2024-09-23,2024-09-23,280,280,0.0,Tablet,Gift Card,Email,3
C94698,1,1.0,586.62,586.62,586.62,5.0,2024-06-03,2024-06-03,392,392,0.0,Phone,Debit Card,Facebook,2
C94921,1,2.0,438.2,438.2,219.1,4.0,2023-05-09,2023-05-09,783,783,0.0,Printer,Online,Referral,1
C95100,1,1.0,627.2,627.2,627.2,1.0,2024-02-28,2024-02-28,488,488,0.0,Phone,Online,Email,2
C95213,1,3.0,1806.72,1806.72,602.24,8.0,2023-02-10,2023-02-10,871,871,0.0,Printer,Debit Card,Referral,5
C95269,1,2.0,389.7,389.7,194.85,5.0,2023-03-12,2023-03-12,841,841,0.0,Chair,Gift Card,Referral,1
C95271,1,3.0,927.66,927.66,309.22,7.0,2025-05-07,2025-05-07,54,54,0.02,Desk,Online,Google,7
C95568,1,3.0,973.41,973.41,324.47,4.0,2023-07-31,2023-07-31,700,700,0.0,Chair,Cash,Email,1
C95623,1,3.0,1870.02,1870.02,623.34,3.0,2025-03-06,2025-03-06,116,116,0.01,Tablet,Online,Instagram,3
C95643,1,4.0,2426.28,2426.28,606.57,5.0,2023-06-09,2023-06-09,752,752,0.0,Desk,Debit Card,Referral,5
C95667,1,4.0,463.08,463.08,115.77,7.0,2024-11-20,2024-11-20,222,222,0.0,Laptop,Online,Instagram,0
C95856,1,2.0,1279.76,1279.76,639.88,5.0,2023-05-25,2023-05-25,767,767,0.0,Tablet,Cash,Instagram,3
C95901,1,3.0,1993.38,1993.38,664.46,4.0,2024-03-24,2024-03-24,463,463,0.0,Phone,Online,Google,2
C95984,1,3.0,1033.2,1033.2,344.4,3.0,2025-06-24,2025-06-24,6,6,0.14,Printer,Online,Facebook,1
C96034,1,4.0,121.08,121.08,30.27,9.0,2023-06-03,2023-06-03,758,758,0.0,Desk,Online,Google,7
C96136,1,5.0,1946.1,1946.1,389.22,7.0,2024-08-17,2024-08-17,317,317,0.0,Tablet,Cash,Referral,3
C96257,1,4.0,1803.0,1803.0,450.75,6.0,2023-03-28,2023-03-28,825,825,0.0,Tablet,Credit Card,Email,3
C96261,1,2.0,970.74,970.74,485.37,5.0,2025-06-04,2025-06-04,26,26,0.04,Phone,Credit Card,Email,2
C96283,1,3.0,924.03,924.03,308.01,3.0,2023-07-24,2023-07-24,707,707,0.0,Desk,Cash,Facebook,7
C96434,1,4.0,2536.2,2536.2,634.05,6.0,2025-05-31,2025-05-31,30,30,0.03,Printer,Cash,Google,5
C96494,1,1.0,179.22,179.22,179.22,6.0,2023-07-31,2023-07-31,700,700,0.0,Tablet,Online,Instagram,3
C96583,1,4.0,139.36,139.36,34.84,8.0,2024-09-22,2024-09-22,281,281,0.0,Printer,Credit Card,Email,1
C96595,1,3.0,1719.66,1719.66,573.22,5.0,2023-10-06,2023-10-06,633,633,0.0,Chair,Debit Card,Email,5
C96636,1,1.0,39.56,39.56,39.56,5.0,2025-02-18,2025-02-18,132,132,0.01,Desk,Debit Card,Google,7
C96664,1,3.0,769.38,769.38,256.46,4.0,2025-02-27,2025-02-27,123,123,0.01,Printer,Credit Card,Referral,1
C96695,1,1.0,564.86,564.86,564.86,6.0,2025-02-02,2025-02-02,148,148,0.01,Chair,Debit Card,Referral,1
C96787,1,2.0,1066.04,1066.04,533.02,2.0,2024-04-15,2024-04-15,441,441,0.0,Laptop,Gift Card,Facebook,0
C96822,1,2.0,989.56,989.56,494.78,2.0,2023-01-31,2023-01-31,881,881,0.0,Printer,Online,Google,1
C97148,1,4.0,1135.16,1135.16,283.79,8.0,2024-07-28,2024-07-28,337,337,0.0,Printer,Online,Google,1
C97187,1,1.0,670.54,670.54,670.54,6.0,2023-07-02,2023-07-02,729,729,0.0,Laptop,Cash,Referral,0
C97218,1,5.0,2300.7,2300.7,460.14,10.0,2025-03-07,2025-03-07,115,115,0.01,Monitor,Credit Card,Facebook,5
C97262,1,4.0,1724.04,1724.04,431.01,7.0,2023-01-14,2023-01-14,898,898,0.0,Desk,Credit Card,Referral,7
C97454,1,2.0,698.8,698.8,349.4,2.0,2024-01-26,2024-01-26,521,521,0.0,Printer,Online,Instagram,1
C97485,1,4.0,915.64,915.64,228.91,4.0,2023-10-29,2023-10-29,610,610,0.0,Laptop,Cash,Google,0
C97593,2,5.0,2855.2200000000003,1427.6100000000001,534.1800000000001,7.0,2023-05-03,2024-02-22,789,494,0.0,Printer,Debit Card,Facebook,4
C97603,1,4.0,2373.08,2373.08,593.27,5.0,2024-09-11,2024-09-11,292,292,0.0,Chair,Online,Facebook,5
C97643,1,4.0,2051.0,2051.0,512.75,8.0,2023-03-12,2023-03-12,841,841,0.0,Laptop,Debit Card,Google,5
C97681,1,5.0,2166.3,2166.3,433.26,9.0,2025-06-07,2025-06-07,23,23,0.04,Tablet,Credit Card,Google,5
C97715,1,2.0,727.82,727.82,363.91,2.0,2025-03-15,2025-03-15,107,107,0.01,Chair,Gift Card,Referral,1
C97735,1,5.0,408.5,408.5,81.7,6.0,2023-12-30,2023-12-30,548,548,0.0,Monitor,Credit Card,Instagram,6
C97749,1,3.0,1026.06,1026.06,342.02,5.0,2024-08-06,2024-08-06,328,328,0.0,Desk,Debit Card,Email,7
C97774,1,4.0,1807.88,1807.88,451.97,7.0,2025-01-26,2025-01-26,155,155,0.01,Monitor,Online,Email,6
C97907,1,3.0,1758.63,1758.63,586.21,4.0,2024-08-27,2024-08-27,307,307,0.0,Printer,Gift Card,Referral,1
C98096,1,2.0,635.54,635.54,317.77,4.0,2023-02-16,2023-02-16,865,865,0.0,Desk,Debit Card,Facebook,7
C98168,1,5.0,2103.5,2103.5,420.7,5.0,2023-01-05,2023-01-05,907,907,0.0,Phone,Cash,Facebook,5
C98216,1,5.0,2463.75,2463.75,492.75,6.0,2023-03-15,2023-03-15,838,838,0.0,Laptop,Cash,Referral,5
C98276,1,1.0,14.06,14.06,14.06,5.0,2024-05-20,2024-05-20,406,406,0.0,Phone,Credit Card,Referral,2
C98278,1,3.0,1241.49,1241.49,413.83,8.0,2024-05-31,2024-05-31,395,395,0.0,Phone,Gift Card,Facebook,2
C98317,1,4.0,2786.84,2786.84,696.71,4.0,2024-12-16,2024-12-16,196,196,0.01,Monitor,Debit Card,Instagram,5
C98332,1,3.0,1316.67,1316.67,438.89,3.0,2023-01-28,2023-01-28,884,884,0.0,Laptop,Cash,Facebook,0
C98354,1,3.0,151.02,151.02,50.34,3.0,2023-05-28,2023-05-28,764,764,0.0,Phone,Gift Card,Instagram,2
C98450,1,4.0,357.64,357.64,89.41,9.0,2024-07-18,2024-07-18,347,347,0.0,Chair,Online,Google,1
C98474,2,6.0,2175.34,1087.67,370.25,5.5,2023-03-27,2024-06-03,826,392,0.0,Chair,Debit Card,Instagram,4
C98483,1,5.0,110.7,110.7,22.14,10.0,2024-04-11,2024-04-11,445,445,0.0,Printer,Cash,Instagram,1
C98635,1,1.0,538.68,538.68,538.68,6.0,2025-04-09,2025-04-09,82,82,0.01,Printer,Debit Card,Referral,1
C98761,1,4.0,1994.04,1994.04,498.51,4.0,2023-10-27,2023-10-27,612,612,0.0,Chair,Debit Card,Google,5
C99023,1,4.0,1371.8,1371.8,342.95,6.0,2024-11-17,2024-11-17,225,225,0.0,Monitor,Cash,Google,6
C99024,1,1.0,684.65,684.65,684.65,1.0,2024-11-24,2024-11-24,218,218,0.0,Laptop,Credit Card,Email,0
C99050,1,2.0,1201.14,1201.14,600.57,3.0,2025-03-29,2025-03-29,93,93,0.01,Printer,Debit Card,Instagram,1
C99116,1,4.0,2746.44,2746.44,686.61,6.0,2023-05-08,2023-05-08,784,784,0.0,Laptop,Cash,Referral,5
C99128,1,3.0,138.33,138.33,46.11,5.0,2024-08-31,2024-08-31,303,303,0.0,Chair,Gift Card,Referral,1
C99173,1,3.0,1070.52,1070.52,356.84,5.0,2025-01-21,2025-01-21,160,160,0.01,Printer,Online,Instagram,1
C99205,1,2.0,1024.66,1024.66,512.33,7.0,2025-06-28,2025-06-28,2,2,0.33,Phone,Cash,Facebook,2
C99214,1,3.0,97.86,97.86,32.62,6.0,2025-06-22,2025-06-22,8,8,0.11,Chair,Debit Card,Facebook,1
C99217,1,5.0,1435.65,1435.65,287.13,10.0,2023-12-01,2023-12-01,577,577,0.0,Tablet,Online,Email,3
C99271,1,2.0,226.58,226.58,113.29,5.0,2023-11-18,2023-11-18,590,590,0.0,Monitor,Cash,Facebook,6
C99533,1,1.0,678.01,678.01,678.01,4.0,2023-03-21,2023-03-21,832,832,0.0,Monitor,Cash,Referral,6
C99589,1,1.0,641.39,641.39,641.39,1.0,2025-06-24,2025-06-24,6,6,0.14,Tablet,Online,Referral,3
C99683,1,5.0,1663.2,1663.2,332.64,10.0,2025-01-23,2025-01-23,158,158,0.01,Monitor,Gift Card,Referral,6
C99775,1,4.0,1654.84,1654.84,413.71,9.0,2023-09-05,2023-09-05,664,664,0.0,Laptop,Gift Card,Facebook,0
C99879,1,3.0,821.88,821.88,273.96,8.0,2024-03-13,2024-03-13,474,474,0.0,Phone,Debit Card,Google,2
C99904,1,2.0,646.74,646.74,323.37,3.0,2025-04-23,2025-04-23,68,68,0.01,Printer,Online,Instagram,1
